frame,n_detections_in_buffer,detection_density,median_y_in_buffer,y_range_in_buffer,frames_since_last_det,last_y,dy_last_pair,dy_per_frame_last_pair,dy_buffer_first_to_last
0,0,0.0,,,30,,,,
1,0,0.0,,,30,,,,
2,0,0.0,,,30,,,,
3,0,0.0,,,30,,,,
4,0,0.0,,,30,,,,
5,0,0.0,,,30,,,,
6,0,0.0,,,30,,,,
7,0,0.0,,,30,,,,
8,0,0.0,,,30,,,,
9,1,0.03333333333333333,889.1849975585938,0.0,0,889.1849975585938,,,
10,2,0.06666666666666667,889.6638488769531,0.95770263671875,0,890.1427001953125,0.95770263671875,0.95770263671875,0.95770263671875
11,3,0.1,890.1427001953125,1.00225830078125,0,890.187255859375,0.0445556640625,0.0445556640625,1.00225830078125
12,4,0.13333333333333333,890.1649780273438,1.64715576171875,0,890.8321533203125,0.6448974609375,0.6448974609375,1.64715576171875
13,5,0.16666666666666666,890.187255859375,2.5684814453125,0,891.7534790039062,0.92132568359375,0.92132568359375,2.5684814453125
14,6,0.2,890.5097045898438,2.60479736328125,0,891.789794921875,0.03631591796875,0.03631591796875,2.60479736328125
15,7,0.23333333333333334,890.8321533203125,2.8309326171875,0,892.0159301757812,0.22613525390625,0.22613525390625,2.8309326171875
16,8,0.26666666666666666,891.2928161621094,3.97320556640625,0,893.158203125,1.14227294921875,1.14227294921875,3.97320556640625
17,9,0.3,891.7534790039062,4.19085693359375,0,893.3758544921875,0.2176513671875,0.2176513671875,4.19085693359375
18,10,0.3333333333333333,891.7716369628906,4.63348388671875,0,893.8184814453125,0.442626953125,0.442626953125,4.63348388671875
19,11,0.36666666666666664,891.789794921875,4.77191162109375,0,893.9569091796875,0.138427734375,0.138427734375,4.77191162109375
20,12,0.4,891.9028625488281,4.77191162109375,0,893.6961669921875,-0.2607421875,-0.2607421875,4.51116943359375
21,13,0.43333333333333335,892.0159301757812,4.77191162109375,0,893.1419677734375,-0.55419921875,-0.55419921875,3.95697021484375
22,14,0.4666666666666667,892.1865539550781,4.77191162109375,0,892.357177734375,-0.7847900390625,-0.7847900390625,3.17218017578125
23,15,0.5,892.0159301757812,4.77191162109375,0,891.84326171875,-0.513916015625,-0.513916015625,2.65826416015625
24,15,0.5,892.0159301757812,4.77191162109375,1,891.84326171875,-0.513916015625,-0.513916015625,2.65826416015625
25,16,0.5333333333333333,891.9295959472656,4.77191162109375,0,889.4368896484375,-2.4063720703125,-1.20318603515625,0.25189208984375
26,17,0.5666666666666667,891.84326171875,5.8382568359375,0,888.11865234375,-1.3182373046875,-1.3182373046875,-1.06634521484375
27,18,0.6,891.8165283203125,7.751708984375,0,886.2052001953125,-1.9134521484375,-1.9134521484375,-2.97979736328125
28,19,0.6333333333333333,891.789794921875,9.5386962890625,0,884.418212890625,-1.7869873046875,-1.7869873046875,-4.76678466796875
29,20,0.6666666666666666,891.7716369628906,10.70428466796875,0,883.2526245117188,-1.16558837890625,-1.16558837890625,-5.932373046875
30,20,0.6666666666666666,891.7716369628906,10.70428466796875,1,883.2526245117188,-1.16558837890625,-1.16558837890625,-5.932373046875
31,21,0.7,891.7534790039062,17.24755859375,0,876.7093505859375,-6.54327392578125,-3.271636962890625,-12.47564697265625
32,22,0.7333333333333333,891.2928161621094,19.7308349609375,0,874.22607421875,-2.4832763671875,-2.4832763671875,-14.95892333984375
33,23,0.7666666666666667,890.8321533203125,24.5440673828125,0,869.412841796875,-4.813232421875,-4.813232421875,-19.77215576171875
34,24,0.8,890.5097045898438,32.06158447265625,0,861.8953247070312,-7.51751708984375,-7.51751708984375,-27.2896728515625
35,25,0.8333333333333334,890.187255859375,35.6771240234375,0,858.27978515625,-3.61553955078125,-3.61553955078125,-30.90521240234375
36,26,0.8666666666666667,890.1649780273438,43.9561767578125,0,850.000732421875,-8.279052734375,-8.279052734375,-39.18426513671875
37,27,0.9,890.1427001953125,51.332763671875,0,842.6241455078125,-7.3765869140625,-7.3765869140625,-46.56085205078125
38,28,0.9333333333333333,889.789794921875,55.39349365234375,0,838.5634155273438,-4.06072998046875,-4.06072998046875,-50.62158203125
39,27,0.9,890.1427001953125,55.39349365234375,1,838.5634155273438,-4.06072998046875,-4.06072998046875,-51.57928466796875
40,26,0.8666666666666667,889.8120727539062,55.39349365234375,2,838.5634155273438,-4.06072998046875,-4.06072998046875,-51.62384033203125
41,25,0.8333333333333334,889.4368896484375,55.39349365234375,3,838.5634155273438,-4.06072998046875,-4.06072998046875,-52.26873779296875
42,24,0.8,888.7777709960938,55.39349365234375,4,838.5634155273438,-4.06072998046875,-4.06072998046875,-53.1900634765625
43,24,0.8,887.1619262695312,55.39349365234375,0,843.8309326171875,5.26751708984375,1.05350341796875,-47.9588623046875
44,24,0.8,885.3117065429688,55.39349365234375,0,847.3636474609375,3.53271484375,3.53271484375,-44.65228271484375
45,24,0.8,883.8354187011719,55.39349365234375,0,855.5645751953125,8.200927734375,8.200927734375,-37.5936279296875
46,24,0.8,879.9809875488281,55.39349365234375,0,858.5371704101562,2.97259521484375,2.97259521484375,-34.83868408203125
47,23,0.7666666666666667,876.7093505859375,55.39349365234375,1,858.5371704101562,2.97259521484375,2.97259521484375,-35.28131103515625
48,22,0.7333333333333333,875.4677124023438,55.39349365234375,2,858.5371704101562,2.97259521484375,2.97259521484375,-35.41973876953125
49,21,0.7,874.22607421875,55.13275146484375,3,858.5371704101562,2.97259521484375,2.97259521484375,-35.15899658203125
50,21,0.7,869.412841796875,82.322021484375,0,810.8199462890625,-47.71722412109375,-11.929306030273438,-82.322021484375
51,21,0.7,861.8953247070312,95.88934326171875,0,796.4678344726562,-14.35211181640625,-14.35211181640625,-95.88934326171875
52,21,0.7,858.5371704101562,107.82464599609375,0,784.0186157226562,-12.44921875,-12.44921875,-107.82464599609375
53,21,0.7,858.27978515625,112.06103515625,0,777.3758544921875,-6.64276123046875,-6.64276123046875,-112.06103515625
54,22,0.7333333333333333,856.9221801757812,123.84527587890625,0,765.5916137695312,-11.78424072265625,-11.78424072265625,-123.84527587890625
55,22,0.7333333333333333,852.7826538085938,131.6412353515625,0,756.4774169921875,-9.11419677734375,-9.11419677734375,-131.6412353515625
56,22,0.7333333333333333,848.6821899414062,133.581298828125,0,752.6239013671875,-3.853515625,-3.853515625,-133.581298828125
57,22,0.7333333333333333,845.5972900390625,140.58319091796875,0,743.8350219726562,-8.78887939453125,-8.78887939453125,-140.58319091796875
58,22,0.7333333333333333,843.2275390625,146.21746826171875,0,737.03515625,-6.79986572265625,-6.79986572265625,-146.21746826171875
59,22,0.7333333333333333,840.5937805175781,143.3594970703125,0,733.349853515625,-3.685302734375,-3.685302734375,-143.3594970703125
60,23,0.7666666666666667,838.5634155273438,147.473876953125,0,729.2354736328125,-4.1143798828125,-4.1143798828125,-147.473876953125
61,23,0.7666666666666667,810.8199462890625,149.31011962890625,0,724.9159545898438,-4.31951904296875,-4.31951904296875,-149.31011962890625
62,23,0.7666666666666667,796.4678344726562,145.9005126953125,0,723.5123291015625,-1.40362548828125,-1.40362548828125,-145.9005126953125
63,23,0.7666666666666667,784.0186157226562,141.73760986328125,0,720.15771484375,-3.3546142578125,-3.3546142578125,-141.73760986328125
64,23,0.7666666666666667,777.3758544921875,139.34649658203125,0,719.190673828125,-0.967041015625,-0.967041015625,-139.089111328125
65,23,0.7666666666666667,765.5916137695312,139.34649658203125,0,719.561767578125,0.37109375,0.37109375,-130.43896484375
66,23,0.7666666666666667,756.4774169921875,139.34649658203125,0,722.760986328125,3.19921875,3.19921875,-119.8631591796875
67,23,0.7666666666666667,752.6239013671875,139.34649658203125,0,726.8876953125,4.126708984375,4.126708984375,-111.67572021484375
68,23,0.7666666666666667,743.8350219726562,139.34649658203125,0,729.6393432617188,2.75164794921875,2.75164794921875,-114.19158935546875
69,23,0.7666666666666667,743.8350219726562,139.34649658203125,1,729.6393432617188,2.75164794921875,2.75164794921875,-114.19158935546875
70,23,0.7666666666666667,743.8350219726562,139.34649658203125,2,729.6393432617188,2.75164794921875,2.75164794921875,-114.19158935546875
71,24,0.8,743.5115051269531,139.34649658203125,0,743.18798828125,13.54864501953125,4.516215006510417,-100.6429443359375
72,25,0.8333333333333334,743.8350219726562,139.34649658203125,0,748.9676513671875,5.7796630859375,5.7796630859375,-94.86328125
73,25,0.8333333333333334,743.8350219726562,139.34649658203125,0,755.5822143554688,6.61456298828125,6.61456298828125,-91.78143310546875
74,25,0.8333333333333334,743.8350219726562,139.34649658203125,0,758.85986328125,3.27764892578125,3.27764892578125,-96.7047119140625
75,25,0.8333333333333334,743.8350219726562,139.34649658203125,0,764.850830078125,5.990966796875,5.990966796875,-93.68634033203125
76,25,0.8333333333333334,743.8350219726562,91.6292724609375,0,775.00390625,10.153076171875,10.153076171875,-35.8160400390625
77,26,0.8666666666666667,746.4013366699219,91.6292724609375,0,779.09619140625,4.09228515625,4.09228515625,-31.7237548828125
78,27,0.9,748.9676513671875,91.6292724609375,0,789.7678833007812,10.67169189453125,10.67169189453125,-21.05206298828125
79,28,0.9333333333333333,750.7957763671875,91.6292724609375,0,799.283935546875,9.51605224609375,9.51605224609375,-11.5360107421875
80,28,0.9333333333333333,750.7957763671875,86.589599609375,0,805.7802734375,6.496337890625,6.496337890625,9.31243896484375
81,28,0.9333333333333333,750.7957763671875,97.6904296875,0,816.881103515625,11.100830078125,11.100830078125,32.86248779296875
82,28,0.9333333333333333,750.7957763671875,109.81982421875,0,829.010498046875,12.12939453125,12.12939453125,51.6346435546875
83,28,0.9333333333333333,750.7957763671875,116.15771484375,0,835.348388671875,6.337890625,6.337890625,69.75677490234375
84,28,0.9333333333333333,750.7957763671875,129.090576171875,0,848.28125,12.932861328125,12.932861328125,91.8038330078125
85,28,0.9333333333333333,750.7957763671875,143.134765625,0,862.325439453125,14.044189453125,14.044189453125,109.7015380859375
86,28,0.9333333333333333,752.2749328613281,151.464599609375,0,870.6552734375,8.329833984375,8.329833984375,126.82025146484375
87,28,0.9333333333333333,757.2210388183594,166.19476318359375,0,885.3854370117188,14.73016357421875,14.73016357421875,148.35028076171875
88,28,0.9333333333333333,761.8553466796875,171.898193359375,0,891.0888671875,5.70343017578125,5.70343017578125,157.739013671875
89,28,0.9333333333333333,769.9273681640625,171.898193359375,0,881.4620361328125,-9.6268310546875,-9.6268310546875,152.2265625
90,28,0.9333333333333333,777.050048828125,171.898193359375,0,861.6654663085938,-19.79656982421875,-19.79656982421875,136.74951171875
91,28,0.9333333333333333,784.4320373535156,171.898193359375,0,844.753662109375,-16.91180419921875,-16.91180419921875,121.2413330078125
92,28,0.9333333333333333,794.5259094238281,171.898193359375,0,836.9588623046875,-7.7947998046875,-7.7947998046875,116.8011474609375
93,28,0.9333333333333333,802.5321044921875,171.898193359375,0,820.2315673828125,-16.727294921875,-16.727294921875,101.0408935546875
94,28,0.9333333333333333,805.1817626953125,171.527099609375,0,804.583251953125,-15.6483154296875,-15.6483154296875,85.021484375
95,28,0.9333333333333333,805.1817626953125,168.327880859375,0,797.3934326171875,-7.1898193359375,-7.1898193359375,74.6324462890625
96,28,0.9333333333333333,805.1817626953125,164.201171875,0,784.5827026367188,-12.81072998046875,-12.81072998046875,57.69500732421875
97,28,0.9333333333333333,805.1817626953125,161.44952392578125,0,775.5928955078125,-8.98980712890625,-8.98980712890625,45.95355224609375
98,28,0.9333333333333333,805.1817626953125,147.90087890625,0,771.6378173828125,-3.955078125,-3.955078125,28.4498291015625
99,29,0.9666666666666667,804.583251953125,147.90087890625,0,765.1832275390625,-6.45458984375,-6.45458984375,21.9952392578125
100,30,1.0,801.93359375,147.90087890625,0,762.3463745117188,-2.83685302734375,-2.83685302734375,19.15838623046875
101,30,1.0,801.93359375,142.1212158203125,0,761.1051635742188,-1.2412109375,-1.2412109375,12.13751220703125
102,30,1.0,801.93359375,135.50665283203125,0,759.1357421875,-1.96942138671875,-1.96942138671875,3.55352783203125
103,30,1.0,801.93359375,132.22900390625,0,759.3116455078125,0.1759033203125,0.1759033203125,0.4517822265625
104,30,1.0,801.93359375,131.953125,0,759.4314575195312,0.11981201171875,0.11981201171875,-5.41937255859375
105,30,1.0,801.93359375,131.953125,0,759.540283203125,0.10882568359375,0.10882568359375,-15.463623046875
106,30,1.0,801.93359375,131.953125,0,760.3237915039062,0.78350830078125,0.78350830078125,-18.77239990234375
107,30,1.0,801.93359375,131.953125,0,760.51708984375,0.19329833984375,0.19329833984375,-29.25079345703125
108,30,1.0,801.93359375,131.953125,0,761.4606323242188,0.94354248046875,0.94354248046875,-37.82330322265625
109,30,1.0,800.9883422851562,131.953125,0,764.0383911132812,2.5777587890625,2.5777587890625,-41.74188232421875
110,30,1.0,790.9880676269531,131.953125,0,766.184326171875,2.14593505859375,2.14593505859375,-50.69677734375
111,30,1.0,780.0877990722656,131.953125,0,770.8607177734375,4.6763916015625,4.6763916015625,-58.1497802734375
112,30,1.0,775.7765502929688,131.953125,0,775.960205078125,5.0994873046875,5.0994873046875,-59.38818359375
113,30,1.0,775.7765502929688,131.953125,0,779.3487548828125,3.3885498046875,3.3885498046875,-68.9324951171875
114,30,1.0,775.7765502929688,131.953125,0,788.0780029296875,8.729248046875,8.729248046875,-74.2474365234375
115,30,1.0,775.7765502929688,131.953125,0,797.4444580078125,9.366455078125,9.366455078125,-73.2108154296875
116,30,1.0,775.7765502929688,131.953125,0,802.1435546875,4.6990966796875,4.6990966796875,-83.24188232421875
117,30,1.0,775.7765502929688,131.953125,0,811.4279174804688,9.28436279296875,9.28436279296875,-79.66094970703125
118,30,1.0,775.7765502929688,122.3262939453125,0,800.1800537109375,-11.24786376953125,-11.24786376953125,-81.281982421875
119,30,1.0,775.7765502929688,102.52972412109375,0,795.4183349609375,-4.76171875,-4.76171875,-66.24713134765625
120,30,1.0,775.7765502929688,85.617919921875,0,787.3087768554688,-8.10955810546875,-8.10955810546875,-57.44488525390625
121,30,1.0,775.7765502929688,77.8231201171875,0,778.5186767578125,-8.79010009765625,-8.79010009765625,-58.440185546875
122,30,1.0,774.9743041992188,61.0958251953125,0,774.355712890625,-4.1629638671875,-4.1629638671875,-45.8758544921875
123,30,1.0,772.9967651367188,52.29217529296875,0,766.972412109375,-7.38330078125,-7.38330078125,-37.61083984375
124,30,1.0,771.249267578125,52.29217529296875,0,760.6275634765625,-6.3448486328125,-6.3448486328125,-36.765869140625
125,30,1.0,768.9165649414062,53.2225341796875,0,758.2053833007812,-2.42218017578125,-2.42218017578125,-26.3773193359375
126,30,1.0,766.578369140625,57.82720947265625,0,753.6007080078125,-4.60467529296875,-4.60467529296875,-21.9921875
127,30,1.0,765.6837768554688,60.22515869140625,0,751.2027587890625,-2.39794921875,-2.39794921875,-20.43505859375
128,30,1.0,764.6108093261719,61.44488525390625,0,749.9830322265625,-1.2197265625,-1.2197265625,-15.2001953125
129,30,1.0,763.1923828125,62.67742919921875,0,748.75048828125,-1.2325439453125,-1.2325439453125,-13.59588623046875
130,30,1.0,762.74951171875,62.67742919921875,0,748.7958374023438,0.04534912109375,0.04534912109375,-12.309326171875
131,30,1.0,762.74951171875,62.67742919921875,0,749.1513671875,0.35552978515625,0.35552978515625,-9.984375
132,30,1.0,762.74951171875,62.67742919921875,0,751.4247436523438,2.27337646484375,2.27337646484375,-7.88690185546875
133,30,1.0,762.74951171875,62.67742919921875,0,753.9556274414062,2.5308837890625,2.5308837890625,-5.475830078125
134,30,1.0,762.74951171875,62.67742919921875,0,756.170654296875,2.21502685546875,2.21502685546875,-3.36962890625
135,30,1.0,762.74951171875,62.67742919921875,0,759.8198852539062,3.64923095703125,3.64923095703125,-0.50390625
136,30,1.0,764.5414123535156,62.67742919921875,0,765.04443359375,5.22454833984375,5.22454833984375,4.52734375
137,30,1.0,765.6143798828125,62.67742919921875,0,768.4849243164062,3.44049072265625,3.44049072265625,7.0242919921875
138,30,1.0,766.578369140625,62.67742919921875,0,776.34375,7.85882568359375,7.85882568359375,12.30535888671875
139,30,1.0,767.7286682128906,62.67742919921875,0,770.610107421875,-5.733642578125,-5.733642578125,4.42578125
140,30,1.0,768.0574645996094,62.67742919921875,0,767.6300048828125,-2.9801025390625,-2.9801025390625,-3.230712890625
141,29,0.9666666666666667,767.6300048828125,62.67742919921875,1,767.6300048828125,-2.9801025390625,-2.9801025390625,-8.3302001953125
142,29,0.9666666666666667,766.972412109375,62.67742919921875,0,755.8529052734375,-11.777099609375,-5.8885498046875,-23.495849609375
143,29,0.9666666666666667,765.04443359375,62.67742919921875,0,753.8742065429688,-1.97869873046875,-1.97869873046875,-34.20379638671875
144,29,0.9666666666666667,760.6275634765625,62.67742919921875,0,750.802490234375,-3.07171630859375,-3.07171630859375,-46.6419677734375
145,29,0.9666666666666667,759.8198852539062,63.40032958984375,0,748.027587890625,-2.77490234375,-2.77490234375,-54.115966796875
146,29,0.9666666666666667,758.2053833007812,64.18597412109375,0,747.241943359375,-0.78564453125,-0.78564453125,-64.18597412109375
147,29,0.9666666666666667,756.170654296875,54.00323486328125,0,746.1768188476562,-1.06512451171875,-1.06512451171875,-54.00323486328125
148,29,0.9666666666666667,755.8529052734375,49.63067626953125,0,745.7876586914062,-0.38916015625,-0.38916015625,-49.63067626953125
149,29,0.9666666666666667,753.9556274414062,41.5211181640625,0,746.406005859375,0.61834716796875,0.61834716796875,-40.90277099609375
150,29,0.9666666666666667,753.8742065429688,32.73101806640625,0,747.361083984375,0.955078125,0.955078125,-31.1575927734375
151,29,0.9666666666666667,753.6007080078125,30.55609130859375,0,750.087158203125,2.72607421875,2.72607421875,-24.2685546875
152,29,0.9666666666666667,751.8156127929688,30.55609130859375,0,751.8156127929688,1.72845458984375,1.72845458984375,-15.15679931640625
153,29,0.9666666666666667,751.8156127929688,30.55609130859375,0,753.0628662109375,1.24725341796875,1.24725341796875,-7.564697265625
154,29,0.9666666666666667,751.4247436523438,30.55609130859375,0,747.8467407226562,-5.21612548828125,-5.21612548828125,-10.358642578125
155,29,0.9666666666666667,751.2027587890625,30.55609130859375,0,745.8970336914062,-1.94970703125,-1.94970703125,-7.70367431640625
156,29,0.9666666666666667,750.802490234375,33.3260498046875,0,743.0177001953125,-2.87933349609375,-2.87933349609375,-8.18505859375
157,29,0.9666666666666667,750.087158203125,35.7034912109375,0,740.6402587890625,-2.37744140625,-2.37744140625,-9.3427734375
158,29,0.9666666666666667,750.087158203125,35.7034912109375,0,740.8870849609375,0.246826171875,0.246826171875,-7.8634033203125
159,29,0.9666666666666667,750.087158203125,35.7392578125,0,740.6044921875,-0.2825927734375,-0.2825927734375,-8.19134521484375
160,29,0.9666666666666667,750.087158203125,35.7392578125,0,741.2985229492188,0.69403076171875,0.69403076171875,-7.85284423828125
161,29,0.9666666666666667,750.087158203125,35.7392578125,0,741.7535400390625,0.45501708984375,0.45501708984375,-9.67120361328125
162,29,0.9666666666666667,748.027587890625,35.7392578125,0,745.422607421875,3.6690673828125,3.6690673828125,-8.53302001953125
163,29,0.9666666666666667,748.027587890625,35.7392578125,0,748.5475463867188,3.12493896484375,3.12493896484375,-7.62310791015625
164,29,0.9666666666666667,747.8467407226562,35.7392578125,0,747.47265625,-1.07489013671875,-1.07489013671875,-12.34722900390625
165,29,0.9666666666666667,747.47265625,35.7392578125,0,744.3917236328125,-3.0809326171875,-3.0809326171875,-20.6527099609375
166,29,0.9666666666666667,747.361083984375,35.7392578125,0,742.3544921875,-2.0372314453125,-2.0372314453125,-26.13043212890625
167,29,0.9666666666666667,747.241943359375,35.7392578125,0,741.6724853515625,-0.6820068359375,-0.6820068359375,-34.6712646484375
168,29,0.9666666666666667,746.406005859375,30.005615234375,0,741.4861450195312,-0.18634033203125,-0.18634033203125,-29.12396240234375
169,29,0.9666666666666667,746.1768188476562,27.0255126953125,0,741.983154296875,0.49700927734375,0.49700927734375,-25.6468505859375
170,29,0.9666666666666667,745.8970336914062,15.2484130859375,0,743.17529296875,1.192138671875,1.192138671875,-12.6776123046875
171,30,1.0,745.8423461914062,15.2484130859375,0,744.6918334960938,1.51654052734375,1.51654052734375,-11.16107177734375
172,30,1.0,745.6051330566406,13.26971435546875,0,743.984130859375,-0.70770263671875,-0.70770263671875,-9.89007568359375
173,30,1.0,745.0572204589844,12.4583740234375,0,743.2317504882812,-0.75238037109375,-0.75238037109375,-7.57073974609375
174,30,1.0,744.5417785644531,12.4583740234375,0,743.2620849609375,0.03033447265625,0.03033447265625,-4.7655029296875
175,30,1.0,744.3665771484375,12.4583740234375,0,744.3414306640625,1.079345703125,1.079345703125,-2.9005126953125
176,30,1.0,744.3665771484375,12.4583740234375,0,744.8736572265625,0.5322265625,0.5322265625,-1.30316162109375
177,30,1.0,744.1627807617188,12.4583740234375,0,743.9524536132812,-0.92120361328125,-0.92120361328125,-1.835205078125
178,30,1.0,743.9682922363281,12.4583740234375,0,743.1865234375,-0.76593017578125,-0.76593017578125,-3.219482421875
179,30,1.0,743.6072692871094,12.4583740234375,0,742.8781127929688,-0.30841064453125,-0.30841064453125,-4.48297119140625
180,30,1.0,743.2469177246094,12.4583740234375,0,742.3734130859375,-0.50469970703125,-0.50469970703125,-7.7137451171875
181,30,1.0,743.2091369628906,12.4583740234375,0,740.931640625,-1.4417724609375,-1.4417724609375,-10.88397216796875
182,30,1.0,743.180908203125,13.601318359375,0,739.4615478515625,-1.4700927734375,-1.4700927734375,-13.601318359375
183,30,1.0,743.0964965820312,13.39501953125,0,735.1525268554688,-4.30902099609375,-4.30902099609375,-12.6942138671875
184,30,1.0,742.9479064941406,14.77679443359375,0,733.770751953125,-1.38177490234375,-1.38177490234375,-12.12628173828125
185,30,1.0,742.6257629394531,15.66986083984375,0,732.877685546875,-0.89306640625,-0.89306640625,-10.1400146484375
186,30,1.0,742.3639526367188,17.58636474609375,0,730.961181640625,-1.91650390625,-1.91650390625,-9.6790771484375
187,30,1.0,742.3639526367188,19.25,0,729.2975463867188,-1.66363525390625,-1.66363525390625,-11.58953857421875
188,30,1.0,742.3639526367188,20.23992919921875,0,728.3076171875,-0.98992919921875,-0.98992919921875,-12.296875
189,30,1.0,742.3639526367188,21.10455322265625,0,727.4429931640625,-0.8646240234375,-0.8646240234375,-13.85552978515625
190,30,1.0,742.3639526367188,21.47564697265625,0,727.0718994140625,-0.37109375,-0.37109375,-14.681640625
191,30,1.0,742.3639526367188,21.89349365234375,0,726.654052734375,-0.4178466796875,-0.4178466796875,-18.7685546875
192,30,1.0,742.1688232421875,22.89459228515625,0,725.6529541015625,-1.0010986328125,-1.0010986328125,-22.89459228515625
193,30,1.0,741.8278198242188,23.3343505859375,0,724.1383056640625,-1.5146484375,-1.5146484375,-23.3343505859375
194,30,1.0,741.5793151855469,21.5,0,723.3736572265625,-0.7646484375,-0.7646484375,-21.01806640625
195,30,1.0,741.2088928222656,22.62359619140625,0,722.2500610351562,-1.12359619140625,-1.12359619140625,-20.10443115234375
196,30,1.0,740.1965942382812,25.5631103515625,0,719.310546875,-2.93951416015625,-2.93951416015625,-22.3619384765625
197,30,1.0,737.3070373535156,27.05792236328125,0,717.8157348632812,-1.49481201171875,-1.49481201171875,-23.67041015625
198,30,1.0,734.4616394042969,29.8597412109375,0,715.013916015625,-2.80181884765625,-2.80181884765625,-26.96923828125
199,30,1.0,733.32421875,31.72705078125,0,713.1466064453125,-1.8673095703125,-1.8673095703125,-30.0286865234375
200,30,1.0,731.91943359375,32.93060302734375,0,711.9430541992188,-1.20355224609375,-1.20355224609375,-32.748779296875
201,30,1.0,730.1293640136719,34.16827392578125,0,710.7053833007812,-1.2376708984375,-1.2376708984375,-33.27874755859375
202,30,1.0,728.8025817871094,35.47760009765625,0,709.3960571289062,-1.309326171875,-1.309326171875,-33.835693359375
203,30,1.0,727.8753051757812,35.9010009765625,0,708.97265625,-0.42340087890625,-0.42340087890625,-34.2894287109375
204,30,1.0,727.2574462890625,36.797119140625,0,708.0765380859375,-0.8961181640625,-0.8961181640625,-36.264892578125
205,30,1.0,726.8629760742188,38.0980224609375,0,706.775634765625,-1.3009033203125,-1.3009033203125,-38.0980224609375
206,30,1.0,726.1535034179688,38.0523681640625,0,705.9000854492188,-0.87554931640625,-0.87554931640625,-38.0523681640625
207,30,1.0,724.8956298828125,39.518798828125,0,703.667724609375,-2.23236083984375,-2.23236083984375,-39.518798828125
208,30,1.0,723.7559814453125,41.41375732421875,0,701.46435546875,-2.203369140625,-2.203369140625,-41.41375732421875
209,30,1.0,722.8118591308594,42.2747802734375,0,700.0986328125,-1.36572265625,-1.36572265625,-42.2747802734375
210,30,1.0,720.7803039550781,43.58074951171875,0,697.3508911132812,-2.74774169921875,-2.74774169921875,-43.58074951171875
211,30,1.0,718.5631408691406,43.4254150390625,0,696.0361328125,-1.31475830078125,-1.31475830078125,-43.4254150390625
212,30,1.0,716.4148254394531,39.24505615234375,0,695.907470703125,-0.128662109375,-0.128662109375,-39.24505615234375
213,30,1.0,714.0802612304688,38.5526123046875,0,695.2181396484375,-0.6893310546875,-0.6893310546875,-38.5526123046875
214,30,1.0,712.5448303222656,38.6065673828125,0,694.2711181640625,-0.947021484375,-0.947021484375,-38.6065673828125
215,30,1.0,711.32421875,37.56298828125,0,693.398193359375,-0.8729248046875,-0.8729248046875,-37.56298828125
216,30,1.0,710.0507202148438,37.45904541015625,0,691.8385009765625,-1.5596923828125,-1.5596923828125,-37.45904541015625
217,30,1.0,709.1843566894531,37.7918701171875,0,690.5157470703125,-1.32275390625,-1.32275390625,-37.7918701171875
218,30,1.0,708.5245971679688,37.0628662109375,0,690.380126953125,-0.1356201171875,-0.1356201171875,-37.0628662109375
219,30,1.0,707.4260864257812,37.402099609375,0,689.6697998046875,-0.7103271484375,-0.7103271484375,-37.402099609375
220,30,1.0,706.3378601074219,38.91143798828125,0,687.7426147460938,-1.92718505859375,-1.92718505859375,-38.91143798828125
221,30,1.0,704.7839050292969,38.46435546875,0,687.1885986328125,-0.55401611328125,-0.55401611328125,-38.46435546875
222,30,1.0,702.5660400390625,38.2227783203125,0,685.91552734375,-1.2730712890625,-1.2730712890625,-38.2227783203125
223,30,1.0,700.781494140625,39.59765625,0,683.7760009765625,-2.1395263671875,-2.1395263671875,-39.59765625
224,30,1.0,698.7247619628906,39.58782958984375,0,682.6622314453125,-1.11376953125,-1.11376953125,-39.58782958984375
225,30,1.0,696.6935119628906,39.96148681640625,0,679.3490600585938,-3.31317138671875,-3.31317138671875,-39.96148681640625
226,30,1.0,695.9718017578125,41.48529052734375,0,676.3304443359375,-3.01861572265625,-3.01861572265625,-41.48529052734375
227,30,1.0,695.5628051757812,40.0084228515625,0,675.0054931640625,-1.324951171875,-1.324951171875,-40.0084228515625
228,30,1.0,694.74462890625,40.7823486328125,0,672.3642578125,-2.6412353515625,-2.6412353515625,-40.7823486328125
229,30,1.0,693.8346557617188,42.74578857421875,0,669.197265625,-3.1669921875,-3.1669921875,-42.74578857421875
230,30,1.0,692.6183471679688,43.12237548828125,0,667.5830078125,-1.6142578125,-1.6142578125,-43.12237548828125
231,30,1.0,691.1771240234375,44.84765625,0,664.5484008789062,-3.03460693359375,-3.03460693359375,-44.84765625
232,30,1.0,690.4479370117188,46.7652587890625,0,662.2073974609375,-2.34100341796875,-2.34100341796875,-46.7652587890625
233,30,1.0,690.0249633789062,46.639892578125,0,661.4366455078125,-0.770751953125,-0.770751953125,-46.639892578125
234,30,1.0,688.7062072753906,47.5013427734375,0,659.2742919921875,-2.162353515625,-2.162353515625,-47.5013427734375
235,30,1.0,687.4656066894531,49.876220703125,0,656.0238647460938,-3.25042724609375,-3.25042724609375,-49.876220703125
236,30,1.0,686.5520629882812,48.191650390625,0,655.47607421875,-0.54779052734375,-0.54779052734375,-48.191650390625
237,30,1.0,684.8457641601562,49.61474609375,0,651.849609375,-3.62646484375,-3.62646484375,-49.61474609375
238,30,1.0,683.2191162109375,56.06610107421875,0,644.0325317382812,-7.81707763671875,-7.81707763671875,-56.06610107421875
239,30,1.0,681.0056457519531,59.4227294921875,0,637.9281616210938,-6.1043701171875,-6.1043701171875,-59.4227294921875
240,30,1.0,677.8397521972656,67.84515380859375,0,628.1909790039062,-9.7371826171875,-9.7371826171875,-67.84515380859375
241,30,1.0,675.66796875,75.942626953125,0,619.96484375,-8.22613525390625,-8.22613525390625,-75.942626953125
242,30,1.0,673.6848754882812,79.14495849609375,0,616.0731811523438,-3.89166259765625,-3.89166259765625,-79.14495849609375
243,30,1.0,670.78076171875,87.2711181640625,0,607.0,-9.07318115234375,-9.07318115234375,-87.2711181640625
244,30,1.0,668.39013671875,97.4609375,0,595.937255859375,-11.062744140625,-11.062744140625,-97.4609375
245,30,1.0,666.0657043457031,100.5672607421875,0,591.271240234375,-4.666015625,-4.666015625,-100.5672607421875
246,30,1.0,663.3778991699219,106.2972412109375,0,584.218505859375,-7.052734375,-7.052734375,-106.2972412109375
247,30,1.0,661.822021484375,108.485595703125,0,581.89453125,-2.323974609375,-2.323974609375,-108.485595703125
248,30,1.0,660.35546875,109.66302490234375,0,580.0067749023438,-1.88775634765625,-1.88775634765625,-109.66302490234375
249,30,1.0,657.6490783691406,112.67449951171875,0,575.068115234375,-4.93865966796875,-4.93865966796875,-112.67449951171875
250,30,1.0,655.7499694824219,118.30462646484375,0,568.8839721679688,-6.18414306640625,-6.18414306640625,-118.30462646484375
251,30,1.0,653.662841796875,119.83251953125,0,566.0830078125,-2.80096435546875,-2.80096435546875,-119.83251953125
252,30,1.0,647.9410705566406,121.338623046875,0,562.4373779296875,-3.6456298828125,-3.6456298828125,-121.338623046875
253,30,1.0,640.9803466796875,123.31402587890625,0,559.3482055664062,-3.08917236328125,-3.08917236328125,-123.31402587890625
254,30,1.0,633.0595703125,123.25970458984375,0,556.08935546875,-3.25885009765625,-3.25885009765625,-123.25970458984375
255,30,1.0,624.0779113769531,127.075439453125,0,549.2550048828125,-6.8343505859375,-6.8343505859375,-127.075439453125
256,30,1.0,618.0190124511719,132.72412109375,0,542.2813720703125,-6.9736328125,-6.9736328125,-132.72412109375
257,30,1.0,611.5365905761719,133.175537109375,0,539.188720703125,-3.0926513671875,-3.0926513671875,-133.175537109375
258,30,1.0,601.4686279296875,133.4390869140625,0,535.7581787109375,-3.4305419921875,-3.4305419921875,-133.4390869140625
259,30,1.0,593.604248046875,133.9141845703125,0,533.6688232421875,-2.08935546875,-2.08935546875,-133.9141845703125
260,30,1.0,587.744873046875,133.17889404296875,0,531.3695068359375,-2.29931640625,-2.29931640625,-133.17889404296875
261,30,1.0,583.0565185546875,135.2728271484375,0,526.9345703125,-4.4349365234375,-4.4349365234375,-135.2728271484375
262,30,1.0,580.9506530761719,136.93695068359375,0,524.4996948242188,-2.43487548828125,-2.43487548828125,-136.93695068359375
263,30,1.0,577.5374450683594,135.6602783203125,0,523.614013671875,-0.88568115234375,-0.88568115234375,-135.6602783203125
264,30,1.0,571.9760437011719,133.53094482421875,0,522.492919921875,-1.12109375,-1.12109375,-133.53094482421875
265,30,1.0,567.4834899902344,136.55255126953125,0,518.9235229492188,-3.56939697265625,-3.56939697265625,-136.55255126953125
266,30,1.0,564.2601928710938,134.5213623046875,0,517.3282470703125,-1.59527587890625,-1.59527587890625,-134.5213623046875
267,30,1.0,560.8927917480469,129.2530517578125,0,514.7794799804688,-2.54876708984375,-2.54876708984375,-129.2530517578125
268,30,1.0,557.7187805175781,124.7135009765625,0,513.2146606445312,-1.5648193359375,-1.5648193359375,-124.7135009765625
269,30,1.0,552.6721801757812,115.7381591796875,0,512.4528198242188,-0.7618408203125,-0.7618408203125,-115.7381591796875
270,30,1.0,545.7681884765625,110.4073486328125,0,509.5574951171875,-2.89532470703125,-2.89532470703125,-110.4073486328125
271,30,1.0,540.7350463867188,110.29302978515625,0,505.7801513671875,-3.77734375,-3.77734375,-110.29302978515625
272,30,1.0,537.4734497070312,102.55560302734375,0,504.44439697265625,-1.33575439453125,-1.33575439453125,-102.55560302734375
273,30,1.0,534.7135009765625,93.0013427734375,0,502.9359130859375,-1.50848388671875,-1.50848388671875,-93.0013427734375
274,30,1.0,532.5191650390625,88.95318603515625,0,502.31805419921875,-0.61785888671875,-0.61785888671875,-88.95318603515625
275,30,1.0,529.1520385742188,81.93682861328125,0,502.28167724609375,-0.036376953125,-0.036376953125,-81.93682861328125
276,30,1.0,525.7171325683594,80.25933837890625,0,501.63519287109375,-0.646484375,-0.646484375,-80.25933837890625
277,30,1.0,524.0568542480469,80.97039794921875,0,499.036376953125,-2.59881591796875,-2.59881591796875,-80.97039794921875
278,30,1.0,523.053466796875,77.47601318359375,0,497.59210205078125,-1.44427490234375,-1.44427490234375,-77.47601318359375
279,30,1.0,520.7082214355469,72.38931274414062,0,496.4946594238281,-1.097442626953125,-1.097442626953125,-72.38931274414062
280,30,1.0,518.1258850097656,70.09140014648438,0,495.9916076660156,-0.5030517578125,-0.5030517578125,-70.09140014648438
281,30,1.0,516.0538635253906,66.54714965820312,0,495.8902282714844,-0.10137939453125,-0.10137939453125,-66.54714965820312
282,30,1.0,513.9970703125,64.16372680664062,0,495.1844787597656,-0.70574951171875,-0.70574951171875,-64.16372680664062
283,30,1.0,512.833740234375,63.00555419921875,0,493.08380126953125,-2.100677490234375,-2.100677490234375,-63.00555419921875
284,30,1.0,511.0051574707031,57.044921875,0,492.2100830078125,-0.87371826171875,-0.87371826171875,-57.044921875
285,30,1.0,507.6688232421875,51.247772216796875,0,491.0335998535156,-1.176483154296875,-1.176483154296875,-51.247772216796875
286,30,1.0,505.1122741699219,48.76409912109375,0,490.42462158203125,-0.608978271484375,-0.608978271484375,-48.76409912109375
287,30,1.0,503.6901550292969,45.682220458984375,0,490.0759582519531,-0.348663330078125,-0.348663330078125,-45.682220458984375
288,30,1.0,502.6269836425781,45.14764404296875,0,488.52117919921875,-1.554779052734375,-1.554779052734375,-45.14764404296875
289,30,1.0,502.29986572265625,43.34991455078125,0,488.01959228515625,-0.5015869140625,-0.5015869140625,-43.34991455078125
290,30,1.0,501.95843505859375,39.53338623046875,0,487.40118408203125,-0.618408203125,-0.618408203125,-39.53338623046875
291,30,1.0,500.3357849121094,37.771240234375,0,486.72845458984375,-0.6727294921875,-0.6727294921875,-37.771240234375
292,30,1.0,498.3142395019531,37.68597412109375,0,485.92803955078125,-0.8004150390625,-0.8004150390625,-37.68597412109375
293,30,1.0,497.0433807373047,36.60009765625,0,485.892822265625,-0.03521728515625,-0.03521728515625,-36.60009765625
294,30,1.0,496.2431335449219,33.03070068359375,0,486.091064453125,0.1982421875,0.1982421875,-32.83245849609375
295,30,1.0,495.94091796875,31.4354248046875,0,486.6033020019531,0.512237548828125,0.512237548828125,-30.724945068359375
296,30,1.0,495.537353515625,28.88665771484375,0,486.78680419921875,0.183502197265625,0.183502197265625,-27.99267578125
297,30,1.0,494.13414001464844,27.32183837890625,0,486.2127685546875,-0.57403564453125,-0.57403564453125,-27.00189208984375
298,30,1.0,492.6469421386719,26.55999755859375,0,486.1947021484375,-0.01806640625,-0.01806640625,-26.25811767578125
299,30,1.0,491.62184143066406,23.6646728515625,0,486.5986633300781,0.403961181640625,0.403961181640625,-22.958831787109375
300,30,1.0,490.72911071777344,19.8873291015625,0,486.72802734375,0.129364013671875,0.129364013671875,-19.0521240234375
301,30,1.0,490.2502899169922,18.55157470703125,0,486.1722106933594,-0.555816650390625,-0.555816650390625,-18.272186279296875
302,30,1.0,489.29856872558594,17.0430908203125,0,486.0213928222656,-0.15081787109375,-0.15081787109375,-16.914520263671875
303,30,1.0,488.2703857421875,16.63983154296875,0,485.67822265625,-0.343170166015625,-0.343170166015625,-16.63983154296875
304,30,1.0,487.71038818359375,16.60345458984375,0,485.85107421875,0.1728515625,0.1728515625,-16.43060302734375
305,30,1.0,487.093994140625,15.95697021484375,0,485.7024230957031,-0.148651123046875,-0.148651123046875,-15.932769775390625
306,30,1.0,486.75762939453125,13.8115234375,0,485.224853515625,-0.477569580078125,-0.477569580078125,-13.8115234375
307,30,1.0,486.7282409667969,12.438812255859375,0,485.1532897949219,-0.071563720703125,-0.071563720703125,-12.438812255859375
308,30,1.0,486.66566467285156,11.34136962890625,0,485.5895080566406,0.43621826171875,0.43621826171875,-10.9051513671875
309,30,1.0,486.6009826660156,10.83831787109375,0,486.5539855957031,0.9644775390625,0.9644775390625,-9.4376220703125
310,30,1.0,486.5763244628906,10.7369384765625,0,486.1195983886719,-0.43438720703125,-0.43438720703125,-9.7706298828125
311,30,1.0,486.54315185546875,10.03118896484375,0,486.5323181152344,0.4127197265625,0.4127197265625,-8.65216064453125
312,30,1.0,486.54315185546875,7.930511474609375,0,487.4669494628906,0.93463134765625,0.93463134765625,-5.616851806640625
313,30,1.0,486.54315185546875,7.056793212890625,0,488.554931640625,1.087982177734375,1.087982177734375,-3.6551513671875
314,30,1.0,486.54315185546875,5.88031005859375,0,488.67584228515625,0.12091064453125,0.12091064453125,-2.357757568359375
315,30,1.0,486.54315185546875,5.271331787109375,0,488.6557922363281,-0.020050048828125,-0.020050048828125,-1.768829345703125
316,30,1.0,486.54315185546875,4.92266845703125,0,488.5750732421875,-0.080718994140625,-0.080718994140625,-1.500885009765625
317,30,1.0,486.54315185546875,3.976654052734375,0,489.12994384765625,0.55487060546875,0.55487060546875,0.6087646484375
318,30,1.0,486.54315185546875,5.173309326171875,0,490.32659912109375,1.1966552734375,1.1966552734375,2.3070068359375
319,30,1.0,486.54315185546875,7.476654052734375,0,492.62994384765625,2.3033447265625,2.3033447265625,5.228759765625
320,30,1.0,486.54315185546875,8.404205322265625,0,493.5574951171875,0.92755126953125,0.92755126953125,6.82904052734375
321,30,1.0,486.54315185546875,9.615447998046875,0,494.76873779296875,1.21124267578125,1.21124267578125,8.8406982421875
322,30,1.0,486.5763244628906,12.257720947265625,0,497.4110107421875,2.64227294921875,2.64227294921875,11.5181884765625
323,30,1.0,486.6009826660156,13.559783935546875,0,498.71307373046875,1.30206298828125,1.30206298828125,12.62200927734375
324,30,1.0,486.66566467285156,14.777130126953125,0,499.930419921875,1.21734619140625,1.21734619140625,13.327117919921875
325,30,1.0,486.7574157714844,15.643524169921875,0,500.79681396484375,0.86639404296875,0.86639404296875,14.010009765625
326,30,1.0,487.0974884033203,16.023193359375,0,501.1764831542969,0.379669189453125,0.379669189453125,14.963714599609375
327,30,1.0,488.0109405517578,17.217193603515625,0,502.3704833984375,1.194000244140625,1.194000244140625,16.17578125
328,30,1.0,488.56500244140625,17.820526123046875,0,502.97381591796875,0.60333251953125,0.60333251953125,16.375152587890625
329,30,1.0,488.6154327392578,18.302398681640625,0,503.4556884765625,0.48187255859375,0.48187255859375,16.7276611328125
330,30,1.0,488.6658172607422,18.619720458984375,0,503.77301025390625,0.31732177734375,0.31732177734375,17.600799560546875
331,30,1.0,488.90289306640625,19.726593017578125,0,504.8798828125,1.10687255859375,1.10687255859375,18.858489990234375
332,30,1.0,489.728271484375,20.118927001953125,0,505.272216796875,0.392333984375,0.392333984375,19.593994140625
333,30,1.0,491.478271484375,20.437957763671875,0,505.59124755859375,0.31903076171875,0.31903076171875,19.74017333984375
334,30,1.0,493.0937194824219,20.437957763671875,0,504.9638977050781,-0.627349853515625,-0.627349853515625,19.261474609375
335,30,1.0,494.1631164550781,20.437957763671875,0,504.92724609375,-0.036651611328125,-0.036651611328125,19.702392578125
336,30,1.0,496.0898742675781,20.437957763671875,0,504.5390625,-0.38818359375,-0.38818359375,19.385772705078125
337,30,1.0,498.0620422363281,20.001739501953125,0,504.0660705566406,-0.472991943359375,-0.472991943359375,18.4765625
338,30,1.0,499.3217468261719,19.471649169921875,0,503.81207275390625,-0.253997802734375,-0.253997802734375,17.258087158203125
339,30,1.0,500.3636169433594,19.471649169921875,0,502.80072021484375,-1.0113525390625,-1.0113525390625,16.681121826171875
340,30,1.0,500.9866485595703,19.058929443359375,0,501.2899169921875,-1.51080322265625,-1.51080322265625,14.757598876953125
341,30,1.0,501.0653839111328,18.124298095703125,0,500.95428466796875,-0.33563232421875,-0.33563232421875,13.487335205078125
342,30,1.0,501.0653839111328,17.03631591796875,0,499.9472351074219,-1.007049560546875,-1.007049560546875,11.392303466796875
343,30,1.0,501.0653839111328,17.01617431640625,0,499.783203125,-0.164031982421875,-0.164031982421875,11.10736083984375
344,29,0.9666666666666667,501.1764831542969,17.01617431640625,1,499.783203125,-0.164031982421875,-0.164031982421875,11.127410888671875
345,28,0.9333333333333333,501.2332000732422,17.01617431640625,2,499.783203125,-0.164031982421875,-0.164031982421875,11.2081298828125
346,28,0.9333333333333333,501.2332000732422,16.4613037109375,0,498.8267517089844,-0.956451416015625,-0.318817138671875,9.696807861328125
347,27,0.9,501.2899169921875,15.2646484375,1,498.8267517089844,-0.956451416015625,-0.318817138671875,8.500152587890625
348,26,0.8666666666666667,501.8302001953125,12.9613037109375,2,498.8267517089844,-0.956451416015625,-0.318817138671875,6.196807861328125
349,25,0.8333333333333334,502.3704833984375,12.03375244140625,3,498.8267517089844,-0.956451416015625,-0.318817138671875,5.269256591796875
350,24,0.8,502.5856018066406,10.822509765625,4,498.8267517089844,-0.956451416015625,-0.318817138671875,4.058013916015625
351,23,0.7666666666666667,502.80072021484375,8.18023681640625,5,498.8267517089844,-0.956451416015625,-0.318817138671875,1.415740966796875
352,22,0.7333333333333333,502.88726806640625,6.878173828125,6,498.8267517089844,-0.956451416015625,-0.318817138671875,0.113677978515625
353,21,0.7,502.97381591796875,6.764495849609375,7,498.8267517089844,-0.956451416015625,-0.318817138671875,-1.103668212890625
354,20,0.6666666666666666,503.2147521972656,6.764495849609375,8,498.8267517089844,-0.956451416015625,-0.318817138671875,-1.970062255859375
355,19,0.6333333333333333,503.4556884765625,6.764495849609375,9,498.8267517089844,-0.956451416015625,-0.318817138671875,-2.3497314453125
356,18,0.6,503.6143493652344,6.764495849609375,10,498.8267517089844,-0.956451416015625,-0.318817138671875,-3.543731689453125
357,18,0.6,503.6143493652344,28.47698974609375,0,477.1142578125,-21.712493896484375,-1.9738630814985796,-25.85955810546875
358,18,0.6,503.6143493652344,32.887664794921875,0,472.7035827636719,-4.410675048828125,-4.410675048828125,-30.752105712890625
359,18,0.6,503.286865234375,34.3948974609375,0,471.19635009765625,-1.507232666015625,-1.507232666015625,-32.57666015625
360,18,0.6,502.0453186035156,37.39764404296875,0,468.193603515625,-3.00274658203125,-3.00274658203125,-36.686279296875
361,18,0.6,501.1221008300781,40.31658935546875,0,465.274658203125,-2.9189453125,-2.9189453125,-39.99755859375
362,18,0.6,500.4507598876953,42.18206787109375,0,463.4091796875,-1.865478515625,-1.865478515625,-42.18206787109375
363,18,0.6,499.86521911621094,44.418914794921875,0,460.54498291015625,-2.86419677734375,-2.86419677734375,-44.418914794921875
364,18,0.6,499.3049774169922,46.68475341796875,0,458.24249267578125,-2.302490234375,-2.302490234375,-46.68475341796875
365,18,0.6,487.9705047607422,47.07391357421875,0,457.46514892578125,-0.77734375,-0.77734375,-47.07391357421875
366,18,0.6,474.90892028808594,48.481109619140625,0,455.5849609375,-1.88018798828125,-1.88018798828125,-48.481109619140625
367,18,0.6,471.94996643066406,50.20208740234375,0,453.6099853515625,-1.9749755859375,-1.9749755859375,-50.20208740234375
368,18,0.6,469.6949768066406,50.5126953125,0,452.28802490234375,-1.32196044921875,-1.32196044921875,-50.5126953125
369,18,0.6,466.734130859375,53.27667236328125,0,448.01324462890625,-4.2747802734375,-4.2747802734375,-53.27667236328125
370,18,0.6,464.3419189453125,55.96551513671875,0,444.98876953125,-3.02447509765625,-3.02447509765625,-55.96551513671875
371,18,0.6,461.9770812988281,55.805816650390625,0,444.14141845703125,-0.84735107421875,-0.84735107421875,-55.805816650390625
372,18,0.6,459.39373779296875,56.08953857421875,0,443.69366455078125,-0.44775390625,-0.44775390625,-56.08953857421875
373,18,0.6,457.85382080078125,55.445281982421875,0,443.3814697265625,-0.31219482421875,-0.31219482421875,-55.445281982421875
374,19,0.6333333333333333,457.46514892578125,55.969024658203125,0,442.85772705078125,-0.52374267578125,-0.52374267578125,-55.969024658203125
375,20,0.6666666666666666,456.5250549316406,57.422271728515625,0,441.40447998046875,-1.4532470703125,-1.4532470703125,-57.422271728515625
376,20,0.6666666666666666,454.59747314453125,37.86126708984375,0,439.25299072265625,-2.1514892578125,-2.1514892578125,-37.86126708984375
377,21,0.7,453.6099853515625,38.376678466796875,0,438.7375793457031,-0.515411376953125,-0.515411376953125,-38.376678466796875
378,22,0.7333333333333333,452.9490051269531,39.710479736328125,0,437.4037780761719,-1.33380126953125,-1.33380126953125,-39.710479736328125
379,23,0.7666666666666667,452.28802490234375,42.36328125,0,434.7509765625,-2.652801513671875,-2.652801513671875,-42.36328125
380,24,0.8,450.150634765625,43.325103759765625,0,433.7891540527344,-0.961822509765625,-0.961822509765625,-43.325103759765625
381,25,0.8333333333333334,448.01324462890625,45.85748291015625,0,431.25677490234375,-2.532379150390625,-2.532379150390625,-45.85748291015625
382,26,0.8666666666666667,446.5010070800781,47.089019775390625,0,430.0252380371094,-1.231536865234375,-1.231536865234375,-47.089019775390625
383,27,0.9,444.98876953125,47.792327880859375,0,429.3219299316406,-0.70330810546875,-0.70330810546875,-47.792327880859375
384,28,0.9333333333333333,444.5650939941406,49.25421142578125,0,427.86004638671875,-1.461883544921875,-1.461883544921875,-49.25421142578125
385,29,0.9666666666666667,444.14141845703125,51.35797119140625,0,425.75628662109375,-2.103759765625,-2.103759765625,-51.35797119140625
386,30,1.0,443.91754150390625,52.07672119140625,0,425.03753662109375,-0.71875,-0.71875,-52.07672119140625
387,30,1.0,443.5375671386719,49.413482666015625,0,423.29010009765625,-1.7474365234375,-1.7474365234375,-49.413482666015625
388,30,1.0,443.1195983886719,48.4866943359375,0,422.70965576171875,-0.5804443359375,-0.5804443359375,-48.4866943359375
389,30,1.0,442.131103515625,46.199462890625,0,421.994140625,-0.71551513671875,-0.71551513671875,-46.199462890625
390,30,1.0,440.3287353515625,46.171112060546875,0,419.1035461425781,-2.890594482421875,-2.890594482421875,-46.171112060546875
391,30,1.0,438.9952850341797,45.83294677734375,0,417.57623291015625,-1.527313232421875,-1.527313232421875,-45.83294677734375
392,30,1.0,438.0706787109375,43.4228515625,0,417.12213134765625,-0.4541015625,-0.4541015625,-43.4228515625
393,30,1.0,436.07737731933594,41.316802978515625,0,416.9256896972656,-0.196441650390625,-0.196441650390625,-41.316802978515625
394,30,1.0,434.2700653076172,43.00738525390625,0,414.457763671875,-2.467926025390625,-2.467926025390625,-43.00738525390625
395,30,1.0,432.52296447753906,41.6282958984375,0,413.9566650390625,-0.5010986328125,-0.5010986328125,-41.6282958984375
396,30,1.0,430.64100646972656,41.33880615234375,0,412.27117919921875,-1.68548583984375,-1.68548583984375,-41.33880615234375
397,30,1.0,429.673583984375,40.9254150390625,0,411.36260986328125,-0.9085693359375,-0.9085693359375,-40.9254150390625
398,30,1.0,428.5909881591797,37.42803955078125,0,410.585205078125,-0.77740478515625,-0.77740478515625,-37.42803955078125
399,30,1.0,426.80816650390625,36.3741455078125,0,408.6146240234375,-1.9705810546875,-1.9705810546875,-36.3741455078125
400,30,1.0,425.39691162109375,37.438751220703125,0,406.7026672363281,-1.911956787109375,-1.911956787109375,-37.438751220703125
401,30,1.0,424.163818359375,37.92877197265625,0,405.764892578125,-0.937774658203125,-0.937774658203125,-37.92877197265625
402,30,1.0,422.9998779296875,39.2640380859375,0,404.117431640625,-1.6474609375,-1.6474609375,-39.2640380859375
403,30,1.0,422.3518981933594,40.13836669921875,0,402.7193603515625,-1.3980712890625,-1.3980712890625,-40.13836669921875
404,30,1.0,420.54884338378906,39.97900390625,0,401.42547607421875,-1.29388427734375,-1.29388427734375,-39.97900390625
405,30,1.0,418.3398895263672,40.41259765625,0,398.84039306640625,-2.5850830078125,-2.5850830078125,-40.41259765625
406,30,1.0,417.34918212890625,40.7901611328125,0,397.9474182128906,-0.892974853515625,-0.892974853515625,-40.7901611328125
407,30,1.0,417.02391052246094,39.45635986328125,0,397.96630859375,0.018890380859375,0.018890380859375,-39.437469482421875
408,30,1.0,415.6917266845703,36.92913818359375,0,397.82183837890625,-0.14447021484375,-0.14447021484375,-36.92913818359375
409,30,1.0,414.20721435546875,37.149383544921875,0,396.6397705078125,-1.18206787109375,-1.18206787109375,-37.149383544921875
410,30,1.0,413.1139221191406,34.61700439453125,0,396.7845153808594,0.144744873046875,0.144744873046875,-34.472259521484375
411,30,1.0,411.81689453125,33.385467529296875,0,397.3610534667969,0.5765380859375,0.5765380859375,-32.6641845703125
412,30,1.0,410.9739074707031,32.682159423828125,0,399.8477783203125,2.486724853515625,2.486724853515625,-29.474151611328125
413,30,1.0,409.59991455078125,31.22027587890625,0,400.246826171875,0.3990478515625,0.3990478515625,-27.61322021484375
414,30,1.0,407.6586456298828,29.11651611328125,0,401.40008544921875,1.15325927734375,1.15325927734375,-24.356201171875
415,30,1.0,406.23377990722656,28.39776611328125,0,402.18829345703125,0.7882080078125,0.7882080078125,-22.8492431640625
416,30,1.0,404.941162109375,26.65032958984375,0,402.464111328125,0.27581787109375,0.27581787109375,-20.82598876953125
417,30,1.0,403.7290954589844,26.06988525390625,0,403.34075927734375,0.87664794921875,0.87664794921875,-19.368896484375
418,30,1.0,403.03125,25.3543701171875,0,402.72174072265625,-0.6190185546875,-0.6190185546875,-19.27239990234375
419,30,1.0,402.72084045410156,22.463775634765625,0,402.7199401855469,-0.001800537109375,-0.001800537109375,-16.38360595703125
420,30,1.0,402.7196502685547,20.93646240234375,0,402.212646484375,-0.507293701171875,-0.507293701171875,-15.36358642578125
421,30,1.0,402.7196502685547,20.48236083984375,0,402.85650634765625,0.64385986328125,0.64385986328125,-14.265625
422,30,1.0,402.7196502685547,20.285919189453125,0,402.95562744140625,0.09912109375,0.09912109375,-13.970062255859375
423,30,1.0,402.7196502685547,17.8179931640625,0,402.93682861328125,-0.018798828125,-0.018798828125,-11.52093505859375
424,30,1.0,402.7196502685547,17.31689453125,0,402.7574768066406,-0.179351806640625,-0.179351806640625,-11.199188232421875
425,30,1.0,402.7196502685547,15.63140869140625,0,403.14495849609375,0.387481689453125,0.387481689453125,-9.126220703125
426,30,1.0,402.7196502685547,14.72283935546875,0,403.0034484863281,-0.141510009765625,-0.141510009765625,-8.359161376953125
427,30,1.0,402.7196502685547,13.9454345703125,0,403.54296875,0.539520263671875,0.539520263671875,-7.042236328125
428,30,1.0,402.7196502685547,11.974853515625,0,403.4354248046875,-0.1075439453125,-0.1075439453125,-5.17919921875
429,30,1.0,402.7196502685547,10.062896728515625,0,403.21820068359375,-0.21722412109375,-0.21722412109375,-3.484466552734375
430,30,1.0,402.7196502685547,9.1251220703125,0,402.86370849609375,-0.3544921875,-0.3544921875,-2.90118408203125
431,30,1.0,402.7196502685547,7.4776611328125,0,403.1477355957031,0.284027099609375,0.284027099609375,-0.969696044921875
432,30,1.0,402.7107696533203,6.9031982421875,0,402.7021789550781,-0.445556640625,-0.445556640625,-0.017181396484375
433,30,1.0,402.7110595703125,6.9031982421875,0,402.8075866699219,0.10540771484375,0.10540771484375,1.382110595703125
434,30,1.0,402.7110595703125,6.9031982421875,0,401.86053466796875,-0.947052001953125,-0.947052001953125,3.0201416015625
435,30,1.0,402.7110595703125,6.9031982421875,0,402.1261291503906,0.265594482421875,0.265594482421875,4.1787109375
436,30,1.0,402.7110595703125,6.9031982421875,0,401.67108154296875,-0.455047607421875,-0.455047607421875,3.70477294921875
437,30,1.0,402.7110595703125,6.9031982421875,0,402.0638732910156,0.392791748046875,0.392791748046875,4.242034912109375
438,30,1.0,402.7110595703125,6.9031982421875,0,402.6307373046875,0.566864013671875,0.566864013671875,5.990966796875
439,30,1.0,402.72084045410156,6.758453369140625,0,402.9582824707031,0.327545166015625,0.327545166015625,6.17376708984375
440,30,1.0,402.72084045410156,6.181915283203125,0,402.4619140625,-0.496368408203125,-0.496368408203125,5.100860595703125
441,30,1.0,402.72084045410156,3.6951904296875,0,401.81787109375,-0.64404296875,-0.64404296875,1.9700927734375
442,30,1.0,402.72084045410156,7.061676025390625,0,396.4812927246094,-5.336578369140625,-5.336578369140625,-3.765533447265625
443,30,1.0,402.72084045410156,8.51336669921875,0,395.02960205078125,-1.451690673828125,-1.451690673828125,-6.3704833984375
444,30,1.0,402.72084045410156,10.437744140625,0,393.105224609375,-1.92437744140625,-1.92437744140625,-9.08306884765625
445,29,0.9666666666666667,402.72174072265625,10.437744140625,1,393.105224609375,-1.92437744140625,-1.92437744140625,-9.35888671875
446,29,0.9666666666666667,402.72174072265625,12.45550537109375,0,391.08746337890625,-2.01776123046875,-1.008880615234375,-12.2532958984375
447,29,0.9666666666666667,402.7199401855469,12.45550537109375,0,391.2369384765625,0.14947509765625,0.14947509765625,-11.48480224609375
448,29,0.9666666666666667,402.7021789550781,14.199066162109375,0,389.3439025878906,-1.893035888671875,-1.893035888671875,-13.37603759765625
449,28,0.9333333333333333,402.6664581298828,14.199066162109375,1,389.3439025878906,-1.893035888671875,-1.893035888671875,-12.868743896484375
450,28,0.9333333333333333,402.6664581298828,14.199066162109375,0,389.4556579589844,0.11175537109375,0.055877685546875,-13.400848388671875
451,28,0.9333333333333333,402.54632568359375,15.91259765625,0,387.63037109375,-1.825286865234375,-1.825286865234375,-15.32525634765625
452,28,0.9333333333333333,402.2940216064453,16.272552490234375,0,387.2704162597656,-0.359954833984375,-0.359954833984375,-15.666412353515625
453,28,0.9333333333333333,402.0950012207031,17.03912353515625,0,386.50384521484375,-0.766571044921875,-0.766571044921875,-16.253631591796875
454,28,0.9333333333333333,401.9622039794922,17.079071044921875,0,386.4638977050781,-0.039947509765625,-0.039947509765625,-16.681060791015625
455,28,0.9333333333333333,401.8392028808594,17.079071044921875,0,386.6830749511719,0.21917724609375,0.21917724609375,-16.32037353515625
456,28,0.9333333333333333,401.7444763183594,17.079071044921875,0,386.57745361328125,-0.105621337890625,-0.105621337890625,-16.96551513671875
457,27,0.9,401.67108154296875,16.971527099609375,1,386.57745361328125,-0.105621337890625,-0.105621337890625,-16.85797119140625
458,27,0.9,396.4812927246094,20.989013671875,0,382.22918701171875,-4.3482666015625,-2.17413330078125,-20.989013671875
459,27,0.9,395.02960205078125,22.81817626953125,0,380.3295593261719,-1.899627685546875,-1.899627685546875,-22.534149169921875
460,27,0.9,393.105224609375,23.379852294921875,0,379.76788330078125,-0.561676025390625,-0.561676025390625,-23.379852294921875
461,26,0.8666666666666667,392.17108154296875,23.190399169921875,1,379.76788330078125,-0.561676025390625,-0.561676025390625,-22.934295654296875
462,25,0.8333333333333334,391.2369384765625,23.190399169921875,2,379.76788330078125,-0.561676025390625,-0.561676025390625,-23.039703369140625
463,25,0.8333333333333334,391.08746337890625,37.4608154296875,0,365.4974670410156,-14.270416259765625,-4.756805419921875,-36.363067626953125
464,25,0.8333333333333334,389.4556579589844,42.346435546875,0,360.6118469238281,-4.8856201171875,-4.8856201171875,-41.5142822265625
465,24,0.8,389.3997802734375,42.346435546875,1,360.6118469238281,-4.8856201171875,-4.8856201171875,-41.059234619140625
466,24,0.8,388.4871368408203,62.499298095703125,0,340.458984375,-20.152862548828125,-10.076431274414062,-61.604888916015625
467,24,0.8,387.4503936767578,68.35726928710938,0,334.60101318359375,-5.85797119140625,-5.85797119140625,-68.02972412109375
468,23,0.7666666666666667,387.2704162597656,68.35726928710938,1,334.60101318359375,-5.85797119140625,-5.85797119140625,-68.35726928710938
469,22,0.7333333333333333,386.97674560546875,67.86090087890625,2,334.60101318359375,-5.85797119140625,-5.85797119140625,-67.86090087890625
470,21,0.7,386.6830749511719,67.21685791015625,3,334.60101318359375,-5.85797119140625,-5.85797119140625,-67.21685791015625
471,20,0.6666666666666666,386.63026428222656,61.880279541015625,4,334.60101318359375,-5.85797119140625,-5.85797119140625,-61.880279541015625
472,19,0.6333333333333333,386.57745361328125,60.4285888671875,5,334.60101318359375,-5.85797119140625,-5.85797119140625,-60.4285888671875
473,18,0.6,386.5406494140625,58.50421142578125,6,334.60101318359375,-5.85797119140625,-5.85797119140625,-58.50421142578125
474,17,0.5666666666666667,386.50384521484375,56.63592529296875,7,334.60101318359375,-5.85797119140625,-5.85797119140625,-56.4864501953125
475,17,0.5666666666666667,386.50384521484375,56.63592529296875,8,334.60101318359375,-5.85797119140625,-5.85797119140625,-56.4864501953125
476,16,0.5333333333333333,386.48387145996094,56.63592529296875,9,334.60101318359375,-5.85797119140625,-5.85797119140625,-56.63592529296875
477,15,0.5,386.4638977050781,54.854644775390625,10,334.60101318359375,-5.85797119140625,-5.85797119140625,-54.742889404296875
478,14,0.4666666666666667,384.34654235839844,54.854644775390625,11,334.60101318359375,-5.85797119140625,-5.85797119140625,-54.854644775390625
479,15,0.5,382.22918701171875,84.04647827148438,0,305.4091796875,-29.19183349609375,-2.432652791341146,-84.04647827148438
480,15,0.5,380.3295593261719,82.22119140625,0,307.6793212890625,2.2701416015625,2.2701416015625,-79.9510498046875
481,14,0.4666666666666667,380.04872131347656,81.86123657226562,1,307.6793212890625,2.2701416015625,2.2701416015625,-79.59109497070312
482,14,0.4666666666666667,372.63267517089844,81.27389526367188,0,314.031005859375,6.3516845703125,3.17584228515625,-72.47283935546875
483,14,0.4666666666666667,363.0546569824219,81.27389526367188,0,319.21405029296875,5.18304443359375,5.18304443359375,-67.24984741210938
484,14,0.4666666666666667,350.53541564941406,81.27389526367188,0,319.21392822265625,-0.0001220703125,-0.0001220703125,-67.46914672851562
485,14,0.4666666666666667,337.5299987792969,81.16827392578125,0,324.65277099609375,5.4388427734375,5.4388427734375,-61.9246826171875
486,14,0.4666666666666667,331.1145477294922,76.82000732421875,0,327.6280822753906,2.975311279296875,2.975311279296875,-54.601104736328125
487,14,0.4666666666666667,331.1145477294922,76.82000732421875,1,327.6280822753906,2.975311279296875,2.975311279296875,-54.601104736328125
488,14,0.4666666666666667,331.1145477294922,74.92037963867188,0,342.44525146484375,14.817169189453125,7.4085845947265625,-37.884307861328125
489,14,0.4666666666666667,331.1145477294922,74.35870361328125,0,345.8616027832031,3.416351318359375,3.416351318359375,-33.906280517578125
490,14,0.4666666666666667,331.1145477294922,60.088287353515625,0,353.6134033203125,7.751800537109375,7.751800537109375,-11.884063720703125
491,15,0.5,334.60101318359375,60.088287353515625,0,362.50921630859375,8.89581298828125,8.89581298828125,-2.988250732421875
492,16,0.5333333333333333,337.5299987792969,60.088287353515625,0,363.47064208984375,0.96142578125,0.96142578125,-2.026824951171875
493,16,0.5333333333333333,337.5299987792969,58.06146240234375,0,350.13311767578125,-13.3375244140625,-13.3375244140625,-10.478729248046875
494,16,0.5333333333333333,336.3605651855469,58.06146240234375,0,338.1201171875,-12.01300048828125,-12.01300048828125,-2.3388671875
495,17,0.5666666666666667,334.60101318359375,58.06146240234375,0,333.7480163574219,-4.372100830078125,-4.372100830078125,-6.710968017578125
496,17,0.5666666666666667,333.7480163574219,58.06146240234375,0,324.4565734863281,-9.29144287109375,-9.29144287109375,-10.144439697265625
497,17,0.5666666666666667,327.6280822753906,58.06146240234375,0,317.67071533203125,-6.785858154296875,-6.785858154296875,12.26153564453125
498,18,0.6,326.1404266357422,58.06146240234375,0,314.44439697265625,-3.226318359375,-3.226318359375,9.03521728515625
499,19,0.6333333333333333,324.65277099609375,58.06146240234375,0,310.40679931640625,-4.03759765625,-4.03759765625,4.99761962890625
500,20,0.6666666666666666,324.55467224121094,58.3048095703125,0,305.16583251953125,-5.240966796875,-5.240966796875,-0.24334716796875
501,21,0.7,324.4565734863281,60.067626953125,0,303.40301513671875,-1.7628173828125,-1.7628173828125,-2.00616455078125
502,22,0.7333333333333333,321.83531188964844,63.71478271484375,0,299.755859375,-3.64715576171875,-3.64715576171875,-5.6533203125
503,23,0.7666666666666667,319.21405029296875,63.78076171875,0,299.68988037109375,-0.06597900390625,-0.06597900390625,-5.71929931640625
504,24,0.8,319.2139892578125,63.78076171875,0,300.67205810546875,0.982177734375,0.982177734375,-4.73712158203125
505,25,0.8333333333333334,319.21392822265625,63.78076171875,0,305.16253662109375,4.490478515625,4.490478515625,-0.24664306640625
506,26,0.8666666666666667,318.44232177734375,63.78076171875,0,313.44915771484375,8.28662109375,8.28662109375,8.03997802734375
507,27,0.9,317.67071533203125,63.78076171875,0,316.3920593261719,2.942901611328125,2.942901611328125,10.982879638671875
508,28,0.9333333333333333,318.44232177734375,63.78076171875,0,323.0932312011719,6.701171875,6.701171875,17.684051513671875
509,28,0.9333333333333333,319.2139892578125,63.78076171875,0,329.51885986328125,6.425628662109375,6.425628662109375,21.83953857421875
510,28,0.9333333333333333,321.1536407470703,63.78076171875,0,331.78216552734375,2.2633056640625,2.2633056640625,17.75115966796875
511,29,0.9666666666666667,323.0932312011719,63.78076171875,0,337.2967529296875,5.51458740234375,5.51458740234375,23.2657470703125
512,29,0.9666666666666667,324.4565734863281,63.78076171875,0,343.5235595703125,6.226806640625,6.226806640625,24.30950927734375
513,29,0.9666666666666667,324.65277099609375,63.78076171875,0,347.1761474609375,3.652587890625,3.652587890625,27.96221923828125
514,29,0.9666666666666667,327.6280822753906,63.78076171875,0,357.5311279296875,10.35498046875,10.35498046875,32.87835693359375
515,29,0.9666666666666667,329.51885986328125,65.49761962890625,0,365.1875,7.6563720703125,7.6563720703125,37.559417724609375
516,29,0.9666666666666667,331.78216552734375,65.49761962890625,0,362.80999755859375,-2.37750244140625,-2.37750244140625,20.36474609375
517,30,1.0,332.7650909423828,65.49761962890625,0,356.4584045410156,-6.351593017578125,-6.351593017578125,14.013153076171875
518,30,1.0,332.7650909423828,65.49761962890625,0,352.7503967285156,-3.7080078125,-3.7080078125,6.8887939453125
519,30,1.0,332.7650909423828,65.49761962890625,0,351.464111328125,-1.286285400390625,-1.286285400390625,-2.1492919921875
520,30,1.0,332.7650909423828,65.49761962890625,0,349.34033203125,-2.123779296875,-2.123779296875,-13.16888427734375
521,30,1.0,332.7650909423828,65.49761962890625,0,348.71807861328125,-0.62225341796875,-0.62225341796875,-14.7525634765625
522,30,1.0,332.7650909423828,65.49761962890625,0,348.36688232421875,-0.3511962890625,-0.3511962890625,-1.7662353515625
523,30,1.0,332.7650909423828,65.49761962890625,0,347.49090576171875,-0.8759765625,-0.8759765625,9.37078857421875
524,30,1.0,332.7650909423828,65.49761962890625,0,347.24444580078125,-0.2464599609375,-0.2464599609375,13.496429443359375
525,30,1.0,334.5394592285156,65.49761962890625,0,347.2188415527344,-0.025604248046875,-0.025604248046875,22.76226806640625
526,30,1.0,340.41015625,65.49761962890625,0,348.1993103027344,0.98046875,0.98046875,30.528594970703125
527,30,1.0,345.349853515625,65.49761962890625,0,350.5528564453125,2.353546142578125,2.353546142578125,36.10845947265625
528,30,1.0,347.19749450683594,65.49761962890625,0,352.11383056640625,1.56097412109375,1.56097412109375,41.70703125
529,30,1.0,347.2316436767578,65.49761962890625,0,357.06512451171875,4.9512939453125,4.9512939453125,51.8992919921875
530,30,1.0,347.36767578125,65.49761962890625,0,362.3446960449219,5.279571533203125,5.279571533203125,58.941680908203125
531,30,1.0,347.84510803222656,65.66259765625,0,365.35247802734375,3.007781982421875,3.007781982421875,65.59661865234375
532,30,1.0,348.28309631347656,71.95022583007812,0,371.6401062011719,6.287628173828125,6.287628173828125,71.95022583007812
533,30,1.0,348.54248046875,71.840576171875,0,372.51263427734375,0.872528076171875,0.872528076171875,71.840576171875
534,30,1.0,349.0292053222656,67.35009765625,0,370.17669677734375,-2.3359375,-2.3359375,65.01416015625
535,30,1.0,349.94659423828125,59.0634765625,0,366.386474609375,-3.79022216796875,-3.79022216796875,52.93731689453125
536,30,1.0,351.00848388671875,56.120574951171875,0,364.420654296875,-1.9658203125,-1.9658203125,48.028594970703125
537,30,1.0,351.7889709472656,49.419403076171875,0,364.29833984375,-0.122314453125,-0.122314453125,41.205108642578125
538,30,1.0,352.43211364746094,42.9937744140625,0,364.974853515625,0.676513671875,0.676513671875,35.45599365234375
539,30,1.0,354.6044006347656,40.73046875,0,364.5639953613281,-0.410858154296875,-0.410858154296875,32.781829833984375
540,30,1.0,356.7617645263672,35.21588134765625,0,364.0142517089844,-0.54974365234375,-0.54974365234375,26.717498779296875
541,30,1.0,357.2981262207031,28.98907470703125,0,362.159423828125,-1.854827880859375,-1.854827880859375,18.6358642578125
542,30,1.0,359.6449279785156,25.33648681640625,0,361.75872802734375,-0.40069580078125,-0.40069580078125,14.58258056640625
543,30,1.0,361.4814758300781,25.293792724609375,0,361.2042236328125,-0.55450439453125,-0.55450439453125,3.673095703125
544,30,1.0,361.70513916015625,25.293792724609375,0,361.65155029296875,0.44732666015625,0.44732666015625,-3.53594970703125
545,30,1.0,361.70513916015625,25.293792724609375,0,363.56396484375,1.91241455078125,1.91241455078125,0.75396728515625
546,30,1.0,361.70513916015625,25.293792724609375,0,364.5584716796875,0.9945068359375,0.9945068359375,8.100067138671875
547,30,1.0,361.9590759277344,25.293792724609375,0,368.05108642578125,3.49261474609375,3.49261474609375,15.300689697265625
548,30,1.0,362.25205993652344,25.293792724609375,0,371.8511962890625,3.80010986328125,3.80010986328125,20.3870849609375
549,30,1.0,362.95433044433594,27.019073486328125,0,374.2379150390625,2.38671875,2.38671875,24.8975830078125
550,30,1.0,363.7891082763672,31.434844970703125,0,378.6536865234375,4.415771484375,4.415771484375,29.93560791015625
551,30,1.0,364.1562957763672,36.220306396484375,0,383.43914794921875,4.78546142578125,4.78546142578125,35.072265625
552,30,1.0,364.3594970703125,39.4532470703125,0,386.6720886230469,3.232940673828125,3.232940673828125,39.181182861328125
553,30,1.0,364.48956298828125,46.098114013671875,0,393.31695556640625,6.644866943359375,6.644866943359375,46.072509765625
554,30,1.0,364.5612335205078,46.098114013671875,0,391.9529724121094,-1.363983154296875,-1.363983154296875,44.734130859375
555,30,1.0,364.76942443847656,45.117645263671875,0,390.3668518066406,-1.58612060546875,-1.58612060546875,42.16754150390625
556,30,1.0,365.1636657714844,42.76409912109375,0,386.8948669433594,-3.47198486328125,-3.47198486328125,36.342010498046875
557,30,1.0,365.8694763183594,41.203125,0,384.2449951171875,-2.649871826171875,-2.649871826171875,32.13116455078125
558,30,1.0,367.2187805175781,36.2518310546875,0,384.22039794921875,-0.02459716796875,-0.02459716796875,27.1552734375
559,30,1.0,369.1138916015625,32.11273193359375,0,383.054443359375,-1.16595458984375,-1.16595458984375,20.709747314453125
560,30,1.0,370.9084014892578,32.11273193359375,0,383.04327392578125,-0.01116943359375,-0.01116943359375,17.6907958984375
561,30,1.0,371.7456512451172,32.11273193359375,0,383.5921630859375,0.54888916015625,0.54888916015625,11.952056884765625
562,30,1.0,372.1819152832031,32.11273193359375,0,384.618896484375,1.0267333984375,1.0267333984375,12.10626220703125
563,30,1.0,373.0445556640625,32.11273193359375,0,386.9213562011719,2.302459716796875,2.302459716796875,16.744659423828125
564,30,1.0,376.44580078125,32.11273193359375,0,388.0401916503906,1.11883544921875,1.11883544921875,21.653717041015625
565,30,1.0,380.8484802246094,32.11273193359375,0,391.60662841796875,3.566436767578125,3.566436767578125,27.18597412109375
566,30,1.0,383.0488586425781,32.11273193359375,0,392.38079833984375,0.774169921875,0.774169921875,28.08245849609375
567,30,1.0,383.2467956542969,32.11273193359375,0,391.30841064453125,-1.0723876953125,-1.0723876953125,26.33355712890625
568,30,1.0,383.5156555175781,32.11273193359375,0,387.5769958496094,-3.731414794921875,-3.731414794921875,23.01300048828125
569,30,1.0,383.9062805175781,32.11273193359375,0,386.45697021484375,-1.120025634765625,-1.120025634765625,22.442718505859375
570,30,1.0,384.2326965332031,32.11273193359375,0,386.595458984375,0.13848876953125,0.13848876953125,24.43603515625
571,30,1.0,384.43194580078125,32.11273193359375,0,387.071044921875,0.4755859375,0.4755859375,25.31231689453125
572,30,1.0,385.5379333496094,32.11273193359375,0,388.91461181640625,1.84356689453125,1.84356689453125,27.71038818359375
573,30,1.0,386.5262145996094,31.6654052734375,0,389.9925842285156,1.077972412109375,1.077972412109375,28.341033935546875
574,30,1.0,386.63377380371094,29.75299072265625,0,391.682861328125,1.690277099609375,1.690277099609375,28.118896484375
575,30,1.0,386.7834777832031,28.75848388671875,0,390.3713684082031,-1.311492919921875,-1.311492919921875,25.812896728515625
576,30,1.0,386.9081115722656,25.265869140625,0,390.02197265625,-0.349395751953125,-0.349395751953125,21.97088623046875
577,30,1.0,386.99620056152344,21.46575927734375,0,389.8058776855469,-0.216094970703125,-0.216094970703125,17.954681396484375
578,30,1.0,387.3240203857422,19.07904052734375,0,390.0494689941406,0.24359130859375,0.24359130859375,15.811553955078125
579,30,1.0,387.80859375,14.66326904296875,0,390.17498779296875,0.125518798828125,0.125518798828125,11.52130126953125
580,30,1.0,388.47740173339844,10.273681640625,0,390.2185974121094,0.043609619140625,0.043609619140625,6.779449462890625
581,30,1.0,389.36024475097656,10.273681640625,0,390.168212890625,-0.050384521484375,-0.050384521484375,3.496124267578125
582,30,1.0,389.89923095703125,10.273681640625,0,390.29388427734375,0.12567138671875,0.12567138671875,-3.0230712890625
583,30,1.0,389.8885192871094,9.3375244140625,0,389.9711608886719,-0.322723388671875,-0.322723388671875,-1.9818115234375
584,30,1.0,389.81956481933594,9.3375244140625,0,389.833251953125,-0.137908935546875,-0.137908935546875,-0.533599853515625
585,30,1.0,389.79478454589844,9.3375244140625,0,389.78369140625,-0.049560546875,-0.049560546875,2.888824462890625
586,30,1.0,389.79478454589844,9.3375244140625,0,388.90325927734375,-0.88043212890625,-0.88043212890625,4.65826416015625
587,30,1.0,389.79478454589844,9.3375244140625,0,388.72064208984375,-0.1826171875,-0.1826171875,4.500244140625
588,30,1.0,389.79478454589844,9.3375244140625,0,388.80267333984375,0.08203125,0.08203125,5.74822998046875
589,30,1.0,389.79478454589844,9.3375244140625,0,388.427001953125,-0.37567138671875,-0.37567138671875,5.38372802734375
590,30,1.0,389.8122100830078,8.78863525390625,0,389.81854248046875,1.39154052734375,1.39154052734375,6.22637939453125
591,30,1.0,389.8122100830078,7.76190185546875,0,389.4005126953125,-0.41802978515625,-0.41802978515625,4.7816162109375
592,30,1.0,389.8122100830078,5.923828125,0,388.51458740234375,-0.88592529296875,-0.88592529296875,1.593231201171875
593,29,0.9666666666666667,389.81854248046875,5.923828125,1,388.51458740234375,-0.88592529296875,-0.88592529296875,0.474395751953125
594,29,0.9666666666666667,389.833251953125,5.96502685546875,0,392.4219970703125,3.90740966796875,1.953704833984375,0.81536865234375
595,29,0.9666666666666667,389.833251953125,7.89654541015625,0,394.353515625,1.9315185546875,1.9315185546875,1.97271728515625
596,29,0.9666666666666667,389.833251953125,10.7427978515625,0,397.19976806640625,2.84625244140625,2.84625244140625,5.891357421875
597,29,0.9666666666666667,389.833251953125,13.029541015625,0,399.48651123046875,2.2867431640625,2.2867431640625,11.909515380859375
598,29,0.9666666666666667,389.9711608886719,18.37384033203125,0,404.830810546875,5.34429931640625,5.34429931640625,18.37384033203125
599,29,0.9666666666666667,389.9925842285156,23.5709228515625,0,410.1663818359375,5.3355712890625,5.3355712890625,23.5709228515625
600,29,0.9666666666666667,390.02197265625,26.97088623046875,0,414.04193115234375,3.87554931640625,3.87554931640625,26.97088623046875
601,29,0.9666666666666667,390.0494689941406,34.1068115234375,0,422.5338134765625,8.49188232421875,8.49188232421875,33.61920166015625
602,29,0.9666666666666667,390.168212890625,43.842041015625,0,432.26904296875,9.7352294921875,9.7352294921875,42.276458740234375
603,29,0.9666666666666667,390.17498779296875,48.7255859375,0,437.152587890625,4.883544921875,4.883544921875,45.4697265625
604,29,0.9666666666666667,390.17498779296875,59.633056640625,0,448.06005859375,10.907470703125,10.907470703125,57.688690185546875
605,29,0.9666666666666667,390.17498779296875,71.59521484375,0,460.022216796875,11.962158203125,11.962158203125,70.000244140625
606,29,0.9666666666666667,390.2185974121094,77.3172607421875,0,465.7442626953125,5.7220458984375,5.7220458984375,75.93838500976562
607,29,0.9666666666666667,390.29388427734375,77.3172607421875,0,464.756591796875,-0.9876708984375,-0.9876708984375,74.70712280273438
608,29,0.9666666666666667,392.4219970703125,77.3172607421875,0,462.51324462890625,-2.24334716796875,-2.24334716796875,72.3382568359375
609,29,0.9666666666666667,394.353515625,77.3172607421875,0,461.8683776855469,-0.644866943359375,-0.644866943359375,71.6497802734375
610,29,0.9666666666666667,397.19976806640625,77.3172607421875,0,460.7342529296875,-1.134124755859375,-1.134124755859375,70.5660400390625
611,29,0.9666666666666667,399.48651123046875,77.3172607421875,0,461.399658203125,0.6654052734375,0.6654052734375,71.10577392578125
612,29,0.9666666666666667,404.830810546875,77.3172607421875,0,461.9794616699219,0.579803466796875,0.579803466796875,72.00830078125
613,29,0.9666666666666667,410.1663818359375,77.3172607421875,0,464.342041015625,2.362579345703125,2.362579345703125,74.5087890625
614,29,0.9666666666666667,414.04193115234375,78.80224609375,0,467.229248046875,2.88720703125,2.88720703125,77.445556640625
615,29,0.9666666666666667,422.5338134765625,80.60015869140625,0,469.02716064453125,1.79791259765625,1.79791259765625,80.1239013671875
616,29,0.9666666666666667,432.26904296875,84.91000366210938,0,473.3370056152344,4.309844970703125,4.309844970703125,84.61636352539062
617,29,0.9666666666666667,437.152587890625,91.079345703125,0,479.50634765625,6.169342041015625,6.169342041015625,90.70367431640625
618,29,0.9666666666666667,448.06005859375,95.5252685546875,0,483.9522705078125,4.4459228515625,4.4459228515625,95.5252685546875
619,29,0.9666666666666667,460.022216796875,105.24200439453125,0,493.756591796875,9.8043212890625,9.8043212890625,103.93804931640625
620,29,0.9666666666666667,460.7342529296875,117.41824340820312,0,505.9328308105469,12.176239013671875,12.176239013671875,116.53231811523438
621,29,0.9666666666666667,461.399658203125,120.72384643554688,0,509.2384338378906,3.30560302734375,3.30560302734375,120.72384643554688
622,29,0.9666666666666667,461.8683776855469,116.81643676757812,0,506.1526794433594,-3.08575439453125,-3.08575439453125,113.73068237304688
623,30,1.0,461.9239196777344,116.81643676757812,0,504.907958984375,-1.244720458984375,-1.244720458984375,112.4859619140625
624,30,1.0,462.24635314941406,114.88491821289062,0,504.5787353515625,-0.3292236328125,-0.3292236328125,110.2252197265625
625,30,1.0,463.4276428222656,112.03866577148438,0,504.24212646484375,-0.33660888671875,-0.33660888671875,107.0423583984375
626,30,1.0,464.54931640625,109.75192260742188,0,505.3141784667969,1.072052001953125,1.072052001953125,105.82766723632812
627,30,1.0,465.25042724609375,104.40762329101562,0,506.4754943847656,1.16131591796875,1.16131591796875,101.64468383789062
628,30,1.0,466.48675537109375,100.1719970703125,0,510.33837890625,3.862884521484375,3.862884521484375,100.1719970703125
629,30,1.0,468.1282043457031,102.20733642578125,0,516.249267578125,5.910888671875,5.910888671875,102.20733642578125
630,30,1.0,471.1820831298828,96.94384765625,0,519.4776611328125,3.2283935546875,3.2283935546875,96.94384765625
631,30,1.0,476.4216766357422,94.84130859375,0,527.1103515625,7.6326904296875,7.6326904296875,94.84130859375
632,30,1.0,481.72930908203125,99.1312255859375,0,536.2838134765625,9.1734619140625,9.1734619140625,99.1312255859375
633,30,1.0,488.85443115234375,92.08837890625,0,540.1484375,3.8646240234375,3.8646240234375,92.08837890625
634,30,1.0,498.9993591308594,91.19287109375,0,551.215087890625,11.066650390625,11.066650390625,91.19287109375
635,30,1.0,504.4104309082031,98.7578125,0,559.4920654296875,8.2769775390625,8.2769775390625,93.747802734375
636,30,1.0,504.74334716796875,98.7578125,0,559.16943359375,-0.3226318359375,-0.3226318359375,94.412841796875
637,30,1.0,505.11106872558594,98.7578125,0,559.47265625,0.30322265625,0.30322265625,96.95941162109375
638,30,1.0,505.6235046386719,99.6617431640625,0,560.39599609375,0.92333984375,0.92333984375,98.52761840820312
639,30,1.0,506.0427551269531,100.6656494140625,0,561.39990234375,1.00390625,1.00390625,100.6656494140625
640,30,1.0,506.3140869140625,102.249267578125,0,563.64892578125,2.2490234375,2.2490234375,102.249267578125
641,30,1.0,507.8569641113281,104.36764526367188,0,566.3471069335938,2.69818115234375,2.69818115234375,104.36764526367188
642,30,1.0,509.7884063720703,103.6405029296875,0,567.9825439453125,1.63543701171875,1.63543701171875,103.6405029296875
643,30,1.0,513.2938232421875,106.2913818359375,0,573.5206298828125,5.5380859375,5.5380859375,106.2913818359375
644,30,1.0,517.8634643554688,110.40179443359375,0,579.428955078125,5.9083251953125,5.9083251953125,110.40179443359375
645,30,1.0,523.2940063476562,106.09194946289062,0,579.25830078125,-0.170654296875,-0.170654296875,105.92129516601562
646,30,1.0,531.6970825195312,100.86773681640625,0,580.3740844726562,1.11578369140625,1.11578369140625,100.86773681640625
647,30,1.0,538.2161254882812,99.3123779296875,0,583.2646484375,2.89056396484375,2.89056396484375,99.3123779296875
648,30,1.0,545.6817626953125,92.020751953125,0,585.77734375,2.5126953125,2.5126953125,92.020751953125
649,30,1.0,555.1922607421875,86.97161865234375,0,591.2137451171875,5.4364013671875,5.4364013671875,85.28091430664062
650,30,1.0,559.321044921875,90.73394775390625,0,594.97607421875,3.7623291015625,3.7623291015625,85.73764038085938
651,30,1.0,559.4823608398438,90.73394775390625,0,594.9684448242188,-0.00762939453125,-0.00762939453125,88.81576538085938
652,30,1.0,559.9440307617188,90.73394775390625,0,594.443603515625,-0.52484130859375,-0.52484130859375,89.53564453125
653,30,1.0,560.89794921875,90.73394775390625,0,593.5573120117188,-0.88629150390625,-0.88629150390625,88.97857666015625
654,30,1.0,562.5244140625,90.73394775390625,0,592.92578125,-0.63153076171875,-0.63153076171875,88.68365478515625
655,30,1.0,564.9980163574219,89.66189575195312,0,590.4251708984375,-2.5006103515625,-2.5006103515625,85.11099243164062
656,30,1.0,567.1648254394531,88.50057983398438,0,588.98779296875,-1.4373779296875,-1.4373779296875,82.51229858398438
657,30,1.0,570.7515869140625,84.6376953125,0,588.4535522460938,-0.53424072265625,-0.53424072265625,78.11517333984375
658,30,1.0,576.3894653320312,78.726806640625,0,587.6513671875,-0.80218505859375,-0.80218505859375,71.402099609375
659,30,1.0,579.3436279296875,75.4984130859375,0,586.0325927734375,-1.6187744140625,-1.6187744140625,66.554931640625
660,30,1.0,579.9015197753906,67.86572265625,0,585.4256591796875,-0.60693359375,-0.60693359375,58.3153076171875
661,30,1.0,581.8193664550781,58.6922607421875,0,584.248046875,-1.1776123046875,-1.1776123046875,47.9642333984375
662,30,1.0,583.0922241210938,54.82763671875,0,582.9197998046875,-1.3282470703125,-1.3282470703125,42.7713623046875
663,30,1.0,583.1639709472656,43.760986328125,0,583.0632934570312,0.14349365234375,0.14349365234375,31.84820556640625
664,30,1.0,583.1639709472656,35.806640625,0,582.2312622070312,-0.83203125,-0.83203125,22.73919677734375
665,30,1.0,583.1639709472656,35.806640625,0,581.1809692382812,-1.05029296875,-1.05029296875,22.01153564453125
666,30,1.0,583.1639709472656,35.50341796875,0,579.9864501953125,-1.19451904296875,-1.19451904296875,20.5137939453125
667,30,1.0,583.1639709472656,34.580078125,0,579.4876708984375,-0.498779296875,-0.498779296875,19.0916748046875
668,30,1.0,583.1639709472656,33.576171875,0,578.109375,-1.3782958984375,-1.3782958984375,16.70947265625
669,30,1.0,583.1639709472656,31.3271484375,0,577.2884521484375,-0.8209228515625,-0.8209228515625,13.6395263671875
670,30,1.0,583.1639709472656,28.62896728515625,0,574.5511474609375,-2.7373046875,-2.7373046875,8.20404052734375
671,30,1.0,583.1639709472656,26.9935302734375,0,571.06005859375,-3.4910888671875,-3.4910888671875,3.0775146484375
672,30,1.0,583.1639709472656,24.804443359375,0,570.171630859375,-0.888427734375,-0.888427734375,-3.3489990234375
673,30,1.0,583.1639709472656,27.38079833984375,0,567.5952758789062,-2.57635498046875,-2.57635498046875,-11.83367919921875
674,30,1.0,583.1639709472656,29.9019775390625,0,565.0740966796875,-2.52117919921875,-2.52117919921875,-14.1842041015625
675,30,1.0,583.1639709472656,30.3590087890625,0,564.6170654296875,-0.45703125,-0.45703125,-15.75701904296875
676,30,1.0,583.1639709472656,32.18359375,0,562.79248046875,-1.8245849609375,-1.8245849609375,-20.47216796875
677,30,1.0,582.9915466308594,34.11907958984375,0,560.8569946289062,-1.93548583984375,-1.93548583984375,-24.92034912109375
678,30,1.0,582.5755310058594,34.8070068359375,0,560.1690673828125,-0.68792724609375,-0.68792724609375,-31.044677734375
679,30,1.0,581.7061157226562,37.0567626953125,0,557.9193115234375,-2.249755859375,-2.249755859375,-37.0567626953125
680,30,1.0,580.5837097167969,39.43133544921875,0,555.537109375,-2.3822021484375,-2.3822021484375,-39.43133544921875
681,30,1.0,579.737060546875,39.315185546875,0,555.12841796875,-0.40869140625,-0.40869140625,-39.315185546875
682,30,1.0,578.7985229492188,39.1981201171875,0,554.3591918945312,-0.76922607421875,-0.76922607421875,-39.1981201171875
683,30,1.0,577.6989135742188,38.56658935546875,0,555.759521484375,1.40032958984375,1.40032958984375,-37.166259765625
684,30,1.0,575.9197998046875,36.06597900390625,0,555.8563232421875,0.0968017578125,0.0968017578125,-34.56884765625
685,30,1.0,572.8056030273438,34.62860107421875,0,556.9251708984375,1.06884765625,1.06884765625,-32.0626220703125
686,30,1.0,570.6158447265625,34.0943603515625,0,557.9930419921875,1.06787109375,1.06787109375,-30.46051025390625
687,30,1.0,568.8834533691406,33.29217529296875,0,558.3583984375,0.3653564453125,0.3653564453125,-29.29296875
688,30,1.0,566.3346862792969,31.67340087890625,0,557.8771362304688,-0.48126220703125,-0.48126220703125,-28.15545654296875
689,30,1.0,564.8455810546875,31.06646728515625,0,557.7161865234375,-0.16094970703125,-0.16094970703125,-27.70947265625
690,30,1.0,563.7047729492188,29.88885498046875,0,557.4282836914062,-0.28790283203125,-0.28790283203125,-26.81976318359375
691,30,1.0,561.8247375488281,28.7041015625,0,556.9335327148438,-0.4947509765625,-0.4947509765625,-25.98626708984375
692,30,1.0,560.5130310058594,28.7041015625,0,556.2120361328125,-0.72149658203125,-0.72149658203125,-26.85125732421875
693,30,1.0,559.2637329101562,27.8720703125,0,555.8698120117188,-0.34222412109375,-0.34222412109375,-26.3614501953125
694,30,1.0,558.1757202148438,26.82177734375,0,554.974365234375,-0.89544677734375,-0.89544677734375,-26.20660400390625
695,30,1.0,557.9561767578125,26.10479736328125,0,553.8816528320312,-1.09271240234375,-1.09271240234375,-26.10479736328125
696,30,1.0,557.8982238769531,26.17333984375,0,553.3143310546875,-0.56732177734375,-0.56732177734375,-26.17333984375
697,30,1.0,557.7966613769531,26.08740234375,0,552.02197265625,-1.2923583984375,-1.2923583984375,-26.08740234375
698,30,1.0,557.5722351074219,25.85498046875,0,551.4334716796875,-0.5885009765625,-0.5885009765625,-25.85498046875
699,30,1.0,557.180908203125,23.5211181640625,0,551.030029296875,-0.4034423828125,-0.4034423828125,-23.5211181640625
700,30,1.0,556.9293518066406,20.911376953125,0,550.148681640625,-0.88134765625,-0.88134765625,-20.911376953125
701,30,1.0,556.568603515625,20.6658935546875,0,549.5057373046875,-0.6429443359375,-0.6429443359375,-20.6658935546875
702,30,1.0,556.0409240722656,18.95123291015625,0,548.64404296875,-0.8616943359375,-0.8616943359375,-18.95123291015625
703,30,1.0,555.8630676269531,18.35150146484375,0,546.7225952148438,-1.92144775390625,-1.92144775390625,-18.35150146484375
704,30,1.0,555.8079223632812,20.65020751953125,0,543.9668579101562,-2.7557373046875,-2.7557373046875,-20.65020751953125
705,30,1.0,555.6483154296875,19.72119140625,0,543.0712890625,-0.89556884765625,-0.89556884765625,-19.72119140625
706,30,1.0,555.332763671875,19.71844482421875,0,541.1385498046875,-1.9327392578125,-1.9327392578125,-19.71844482421875
707,30,1.0,555.0513916015625,19.6580810546875,0,540.510986328125,-0.6275634765625,-0.6275634765625,-19.6580810546875
708,30,1.0,554.6667785644531,18.4805908203125,0,539.8778076171875,-0.6331787109375,-0.6331787109375,-18.04150390625
709,30,1.0,554.1204223632812,19.33111572265625,0,539.0272827148438,-0.85052490234375,-0.85052490234375,-16.50982666015625
710,30,1.0,553.5979919433594,19.827392578125,0,538.531005859375,-0.49627685546875,-0.49627685546875,-16.597412109375
711,30,1.0,552.6681518554688,20.2564697265625,0,538.1019287109375,-0.4290771484375,-0.4290771484375,-16.25726318359375
712,30,1.0,551.7277221679688,20.78680419921875,0,537.5715942382812,-0.53033447265625,-0.53033447265625,-18.18792724609375
713,30,1.0,551.2317504882812,22.263916015625,0,536.094482421875,-1.47711181640625,-1.47711181640625,-19.7618408203125
714,30,1.0,550.58935546875,23.3863525390625,0,534.9720458984375,-1.1224365234375,-1.1224365234375,-21.953125
715,30,1.0,549.8272094726562,25.064208984375,0,533.294189453125,-1.6778564453125,-1.6778564453125,-24.6988525390625
716,30,1.0,549.0748901367188,26.72393798828125,0,531.6344604492188,-1.65972900390625,-1.65972900390625,-26.72393798828125
717,30,1.0,547.6833190917969,27.72381591796875,0,530.1533203125,-1.48114013671875,-1.48114013671875,-27.72381591796875
718,30,1.0,545.3447265625,30.1248779296875,0,527.59130859375,-2.56201171875,-2.56201171875,-30.1248779296875
719,30,1.0,543.5190734863281,33.02252197265625,0,524.40576171875,-3.185546875,-3.185546875,-33.02252197265625
720,30,1.0,542.1049194335938,34.03192138671875,0,522.901611328125,-1.504150390625,-1.504150390625,-34.03192138671875
721,30,1.0,540.8247680664062,35.8570556640625,0,520.35498046875,-2.546630859375,-2.546630859375,-35.8570556640625
722,30,1.0,540.1943969726562,37.37939453125,0,518.4904174804688,-1.86456298828125,-1.86456298828125,-37.37939453125
723,30,1.0,539.4525451660156,37.3779296875,0,517.596435546875,-0.89398193359375,-0.89398193359375,-37.3779296875
724,30,1.0,538.7791442871094,37.91302490234375,0,515.9686279296875,-1.6278076171875,-1.6278076171875,-37.91302490234375
725,30,1.0,538.3164672851562,38.2308349609375,0,515.08349609375,-0.8851318359375,-0.8851318359375,-38.2308349609375
726,30,1.0,537.8367614746094,37.7681884765625,0,514.2537841796875,-0.8297119140625,-0.8297119140625,-37.7681884765625
727,30,1.0,536.8330383300781,38.287353515625,0,513.1461181640625,-1.107666015625,-1.107666015625,-38.287353515625
728,30,1.0,535.5332641601562,39.10791015625,0,511.922119140625,-1.2239990234375,-1.2239990234375,-39.10791015625
729,30,1.0,534.1331176757812,40.59051513671875,0,509.55816650390625,-2.36395263671875,-2.36395263671875,-40.59051513671875
730,30,1.0,532.4643249511719,41.1226806640625,0,508.383056640625,-1.17510986328125,-1.17510986328125,-41.1226806640625
731,30,1.0,530.8938903808594,40.9156494140625,0,507.7283935546875,-0.6546630859375,-0.6546630859375,-40.9156494140625
732,30,1.0,528.872314453125,40.872955322265625,0,505.8496398925781,-1.878753662109375,-1.878753662109375,-40.872955322265625
733,30,1.0,525.99853515625,40.01348876953125,0,503.953369140625,-1.896270751953125,-1.896270751953125,-40.01348876953125
734,30,1.0,523.6536865234375,39.337921142578125,0,503.7333679199219,-0.220001220703125,-0.220001220703125,-39.337921142578125
735,30,1.0,521.6282958984375,38.949615478515625,0,502.1889343261719,-1.54443359375,-1.54443359375,-38.949615478515625
736,30,1.0,519.4226989746094,39.751953125,0,500.759033203125,-1.429901123046875,-1.429901123046875,-39.751953125
737,30,1.0,518.0434265136719,40.26019287109375,0,499.61761474609375,-1.14141845703125,-1.14141845703125,-40.26019287109375
738,30,1.0,516.7825317382812,40.97967529296875,0,498.047607421875,-1.57000732421875,-1.57000732421875,-40.97967529296875
739,30,1.0,515.5260620117188,40.6771240234375,0,497.8538818359375,-0.1937255859375,-0.1937255859375,-40.6771240234375
740,30,1.0,514.6686401367188,40.76715087890625,0,497.33477783203125,-0.51910400390625,-0.51910400390625,-40.76715087890625
741,30,1.0,513.699951171875,40.23681640625,0,497.3414306640625,0.00665283203125,0.00665283203125,-40.23016357421875
742,30,1.0,512.5341186523438,38.75970458984375,0,499.60943603515625,2.26800537109375,2.26800537109375,-36.48504638671875
743,30,1.0,510.7401428222656,37.63726806640625,0,499.86297607421875,0.2535400390625,0.2535400390625,-35.10906982421875
744,30,1.0,508.9706115722656,35.95941162109375,0,501.7209777832031,1.858001708984375,1.858001708984375,-31.573211669921875
745,30,1.0,508.05572509765625,34.2996826171875,0,504.61871337890625,2.897735595703125,2.897735595703125,-27.0157470703125
746,30,1.0,506.7890167236328,32.81854248046875,0,505.8336486816406,1.214935302734375,1.214935302734375,-24.319671630859375
747,30,1.0,506.7890167236328,30.25653076171875,0,508.07147216796875,2.237823486328125,2.237823486328125,-19.51983642578125
748,30,1.0,506.6088409423828,27.07098388671875,0,507.3680419921875,-0.70343017578125,-0.70343017578125,-17.0377197265625
749,30,1.0,506.19056701660156,25.56683349609375,0,506.531494140625,-0.8365478515625,-0.8365478515625,-16.3701171875
750,30,1.0,505.9986877441406,23.02020263671875,0,506.1477355957031,-0.383758544921875,-0.383758544921875,-14.207244873046875
751,30,1.0,505.9986877441406,21.1556396484375,0,507.70562744140625,1.557891845703125,1.557891845703125,-10.7847900390625
752,30,1.0,505.9986877441406,20.26165771484375,0,508.4552307128906,0.749603271484375,0.749603271484375,-9.141204833984375
753,30,1.0,505.9986877441406,18.63385009765625,0,509.94915771484375,1.493927001953125,1.493927001953125,-6.01947021484375
754,30,1.0,505.9986877441406,17.74871826171875,0,512.1041870117188,2.155029296875,2.155029296875,-2.97930908203125
755,30,1.0,505.9986877441406,16.91900634765625,0,513.4762573242188,1.3720703125,1.3720703125,-0.77752685546875
756,30,1.0,505.9986877441406,18.40435791015625,0,515.7391357421875,2.26287841796875,2.26287841796875,2.593017578125
757,30,1.0,505.9986877441406,20.26141357421875,0,517.59619140625,1.8570556640625,1.8570556640625,5.674072265625
758,30,1.0,505.9986877441406,21.1517333984375,0,518.4865112304688,0.89031982421875,0.89031982421875,8.9283447265625
759,30,1.0,505.9986877441406,22.34515380859375,0,519.679931640625,1.19342041015625,1.19342041015625,11.296875
760,30,1.0,505.9986877441406,23.5926513671875,0,520.9274291992188,1.24749755859375,1.24749755859375,13.19903564453125
761,30,1.0,505.9986877441406,24.34283447265625,0,521.6776123046875,0.75018310546875,0.75018310546875,15.827972412109375
762,30,1.0,506.33961486816406,24.7774658203125,0,522.1122436523438,0.43463134765625,0.43463134765625,18.15887451171875
763,30,1.0,506.94976806640625,25.38262939453125,0,522.7174072265625,0.60516357421875,0.60516357421875,18.984039306640625
764,30,1.0,507.5368347167969,25.86505126953125,0,523.1998291015625,0.482421875,0.482421875,21.010894775390625
765,29,0.9666666666666667,507.70562744140625,25.86505126953125,1,523.1998291015625,0.482421875,0.482421875,22.4407958984375
766,28,0.9333333333333333,507.8885498046875,25.86505126953125,2,523.1998291015625,0.482421875,0.482421875,23.58221435546875
767,27,0.9,508.07147216796875,25.86505126953125,3,523.1998291015625,0.482421875,0.482421875,25.1522216796875
768,27,0.9,508.4552307128906,25.86505126953125,0,522.1634521484375,-1.036376953125,-0.25909423828125,24.3095703125
769,26,0.8666666666666667,509.2021942138672,25.86505126953125,1,522.1634521484375,-1.036376953125,-0.25909423828125,24.82867431640625
770,25,0.8333333333333334,509.94915771484375,25.8583984375,2,522.1634521484375,-1.036376953125,-0.25909423828125,24.822021484375
771,24,0.8,511.02667236328125,23.59039306640625,3,522.1634521484375,-1.036376953125,-0.25909423828125,22.55401611328125
772,23,0.7666666666666667,512.1041870117188,23.33685302734375,4,522.1634521484375,-1.036376953125,-0.25909423828125,22.30047607421875
773,22,0.7333333333333333,512.7902221679688,21.478851318359375,5,522.1634521484375,-1.036376953125,-0.25909423828125,20.442474365234375
774,21,0.7,513.4762573242188,18.58111572265625,6,522.1634521484375,-1.036376953125,-0.25909423828125,17.54473876953125
775,21,0.7,515.7391357421875,17.366180419921875,0,517.58544921875,-4.5780029296875,-0.6540004185267857,11.751800537109375
776,21,0.7,517.4305419921875,17.052093505859375,0,517.4305419921875,-0.1549072265625,-0.1549072265625,9.35906982421875
777,21,0.7,517.4305419921875,17.052093505859375,0,515.0067749023438,-2.42376708984375,-2.42376708984375,7.63873291015625
778,21,0.7,517.4305419921875,17.052093505859375,0,514.2041015625,-0.80267333984375,-0.80267333984375,7.672607421875
779,21,0.7,517.4305419921875,17.052093505859375,0,513.9832153320312,-0.22088623046875,-0.22088623046875,7.835479736328125
780,21,0.7,517.4305419921875,15.49420166015625,0,513.1046142578125,-0.87860107421875,-0.87860107421875,5.39898681640625
781,21,0.7,517.4305419921875,14.744598388671875,0,511.8046875,-1.2999267578125,-1.2999267578125,3.349456787109375
782,21,0.7,517.4305419921875,13.25067138671875,0,511.49468994140625,-0.30999755859375,-0.30999755859375,1.5455322265625
783,21,0.7,517.4305419921875,11.70513916015625,0,511.568359375,0.07366943359375,0.07366943359375,-0.53582763671875
784,21,0.7,517.4305419921875,12.04974365234375,0,511.15008544921875,-0.41827392578125,-0.41827392578125,-2.326171875
785,21,0.7,517.4305419921875,12.6363525390625,0,510.5634765625,-0.58660888671875,-0.58660888671875,-5.1756591796875
786,21,0.7,517.4305419921875,14.90673828125,0,508.2930908203125,-2.2703857421875,-2.2703857421875,-9.3031005859375
787,21,0.7,515.0067749023438,14.90673828125,0,508.4956359863281,0.202545166015625,0.202545166015625,-9.990875244140625
788,21,0.7,514.2041015625,15.5877685546875,0,507.612060546875,-0.883575439453125,-0.883575439453125,-12.06787109375
789,21,0.7,513.9832153320312,16.35650634765625,0,506.84332275390625,-0.76873779296875,-0.76873779296875,-14.0841064453125
790,21,0.7,513.1046142578125,18.58929443359375,0,504.61053466796875,-2.2327880859375,-2.2327880859375,-17.06707763671875
791,21,0.7,511.8046875,19.7471923828125,0,503.45263671875,-1.15789794921875,-1.15789794921875,-18.65960693359375
792,21,0.7,511.568359375,23.74102783203125,0,499.45880126953125,-3.99383544921875,-3.99383544921875,-23.25860595703125
793,21,0.7,511.49468994140625,24.933197021484375,0,498.2666320800781,-1.192169189453125,-1.192169189453125,-24.933197021484375
794,21,0.7,511.15008544921875,24.66741943359375,0,497.49603271484375,-0.770599365234375,-0.770599365234375,-24.66741943359375
795,21,0.7,511.15008544921875,24.66741943359375,1,497.49603271484375,-0.770599365234375,-0.770599365234375,-24.66741943359375
796,21,0.7,511.15008544921875,24.66741943359375,2,497.49603271484375,-0.770599365234375,-0.770599365234375,-24.66741943359375
797,21,0.7,511.15008544921875,24.66741943359375,3,497.49603271484375,-0.770599365234375,-0.770599365234375,-24.66741943359375
798,20,0.6666666666666666,510.8567810058594,20.08941650390625,4,497.49603271484375,-0.770599365234375,-0.770599365234375,-20.08941650390625
799,20,0.6666666666666666,510.8567810058594,20.08941650390625,5,497.49603271484375,-0.770599365234375,-0.770599365234375,-20.08941650390625
800,20,0.6666666666666666,510.8567810058594,20.08941650390625,6,497.49603271484375,-0.770599365234375,-0.770599365234375,-20.08941650390625
801,20,0.6666666666666666,510.8567810058594,20.08941650390625,7,497.49603271484375,-0.770599365234375,-0.770599365234375,-20.08941650390625
802,20,0.6666666666666666,510.8567810058594,20.08941650390625,8,497.49603271484375,-0.770599365234375,-0.770599365234375,-20.08941650390625
803,20,0.6666666666666666,510.8567810058594,20.08941650390625,9,497.49603271484375,-0.770599365234375,-0.770599365234375,-20.08941650390625
804,20,0.6666666666666666,510.8567810058594,20.08941650390625,10,497.49603271484375,-0.770599365234375,-0.770599365234375,-20.08941650390625
805,19,0.6333333333333333,510.5634765625,19.93450927734375,11,497.49603271484375,-0.770599365234375,-0.770599365234375,-19.93450927734375
806,18,0.6,509.52955627441406,17.5107421875,12,497.49603271484375,-0.770599365234375,-0.770599365234375,-17.5107421875
807,17,0.5666666666666667,508.4956359863281,16.70806884765625,13,497.49603271484375,-0.770599365234375,-0.770599365234375,-16.70806884765625
808,16,0.5333333333333333,508.3943634033203,16.4871826171875,14,497.49603271484375,-0.770599365234375,-0.770599365234375,-16.4871826171875
809,15,0.5,508.2930908203125,15.60858154296875,15,497.49603271484375,-0.770599365234375,-0.770599365234375,-15.60858154296875
810,15,0.5,508.2930908203125,18.0875244140625,0,515.5835571289062,18.0875244140625,1.1304702758789062,3.77886962890625
811,15,0.5,508.2930908203125,18.19012451171875,0,515.6861572265625,0.10260009765625,0.10260009765625,4.19146728515625
812,15,0.5,508.2930908203125,18.36492919921875,0,515.8609619140625,0.1748046875,0.1748046875,4.2926025390625
813,15,0.5,508.2930908203125,19.9954833984375,0,517.4915161132812,1.63055419921875,1.63055419921875,6.3414306640625
814,14,0.4666666666666667,507.95257568359375,19.9954833984375,1,517.4915161132812,1.63055419921875,1.63055419921875,6.92803955078125
815,14,0.4666666666666667,507.2276916503906,21.4095458984375,0,496.08197021484375,-21.4095458984375,-10.70477294921875,-12.21112060546875
816,14,0.4666666666666667,507.2276916503906,21.4095458984375,0,511.4295349121094,15.347564697265625,15.347564697265625,2.93389892578125
817,14,0.4666666666666667,505.7269287109375,69.63467407226562,0,447.8568420410156,-63.57269287109375,-63.57269287109375,-59.755218505859375
818,13,0.43333333333333335,504.61053466796875,69.63467407226562,1,447.8568420410156,-63.57269287109375,-63.57269287109375,-58.986480712890625
819,12,0.4,504.0315856933594,69.63467407226562,2,447.8568420410156,-63.57269287109375,-63.57269287109375,-56.753692626953125
820,11,0.36666666666666664,503.45263671875,69.63467407226562,3,447.8568420410156,-63.57269287109375,-63.57269287109375,-55.595794677734375
821,11,0.36666666666666664,499.45880126953125,131.86126708984375,0,385.6302490234375,-62.226593017578125,-15.556648254394531,-113.82855224609375
822,11,0.36666666666666664,498.2666320800781,150.1414794921875,0,367.35003662109375,-18.28021240234375,-18.28021240234375,-130.91659545898438
823,11,0.36666666666666664,497.49603271484375,168.29620361328125,0,349.1953125,-18.15472412109375,-18.15472412109375,-148.30072021484375
824,11,0.36666666666666664,496.08197021484375,175.65692138671875,0,341.8345947265625,-7.3607177734375,-7.3607177734375,-173.74896240234375
825,12,0.4,471.9694061279297,190.12554931640625,0,327.365966796875,-14.4686279296875,-14.4686279296875,-188.21759033203125
826,13,0.43333333333333335,447.8568420410156,201.5384521484375,0,315.95306396484375,-11.41290283203125,-11.41290283203125,-199.6304931640625
827,14,0.4666666666666667,416.74354553222656,205.89920043945312,0,311.5923156738281,-4.360748291015625,-4.360748291015625,-203.99124145507812
828,14,0.4666666666666667,416.74354553222656,205.89920043945312,1,311.5923156738281,-4.360748291015625,-4.360748291015625,-203.99124145507812
829,14,0.4666666666666667,416.74354553222656,205.89920043945312,2,311.5923156738281,-4.360748291015625,-4.360748291015625,-203.99124145507812
830,14,0.4666666666666667,416.74354553222656,205.89920043945312,3,311.5923156738281,-4.360748291015625,-4.360748291015625,-203.99124145507812
831,15,0.5,385.6302490234375,228.89520263671875,0,288.5963134765625,-22.996002197265625,-5.749000549316406,-226.98724365234375
832,16,0.5333333333333333,376.4901428222656,233.44061279296875,0,284.0509033203125,-4.54541015625,-4.54541015625,-231.53265380859375
833,17,0.5666666666666667,367.35003662109375,234.58074951171875,0,282.9107666015625,-1.14013671875,-1.14013671875,-232.67279052734375
834,18,0.6,358.2726745605469,236.69659423828125,0,280.794921875,-2.1158447265625,-2.1158447265625,-234.78863525390625
835,19,0.6333333333333333,349.1953125,237.39630126953125,0,280.09521484375,-0.69970703125,-0.69970703125,-235.48834228515625
836,20,0.6666666666666666,345.51495361328125,237.5443115234375,0,279.94720458984375,-0.14801025390625,-0.14801025390625,-235.6363525390625
837,21,0.7,341.8345947265625,237.5443115234375,0,280.31878662109375,0.37158203125,0.37158203125,-235.2647705078125
838,22,0.7333333333333333,334.60028076171875,237.5443115234375,0,280.5010681152344,0.182281494140625,0.182281494140625,-235.08248901367188
839,23,0.7666666666666667,327.365966796875,237.5443115234375,0,280.8873291015625,0.386260986328125,0.386260986328125,-234.69622802734375
840,23,0.7666666666666667,315.95306396484375,237.5443115234375,0,280.87628173828125,-0.01104736328125,-0.01104736328125,-234.80987548828125
841,23,0.7666666666666667,311.5923156738281,238.13897705078125,0,279.3525390625,-1.52374267578125,-1.52374267578125,-236.5084228515625
842,23,0.7666666666666667,288.5963134765625,238.83343505859375,0,278.6580810546875,-0.6944580078125,-0.6944580078125,-238.83343505859375
843,22,0.7333333333333333,286.3236083984375,232.77145385742188,1,278.6580810546875,-0.6944580078125,-0.6944580078125,-217.42388916015625
844,22,0.7333333333333333,286.3236083984375,232.77145385742188,2,278.6580810546875,-0.6944580078125,-0.6944580078125,-217.42388916015625
845,21,0.7,284.0509033203125,232.77145385742188,3,278.6580810546875,-0.6944580078125,-0.6944580078125,-232.77145385742188
846,20,0.6666666666666666,283.4808349609375,169.19876098632812,4,278.6580810546875,-0.6944580078125,-0.6944580078125,-169.19876098632812
847,19,0.6333333333333333,282.9107666015625,106.97216796875,5,278.6580810546875,-0.6944580078125,-0.6944580078125,-106.97216796875
848,19,0.6333333333333333,282.9107666015625,106.97216796875,6,278.6580810546875,-0.6944580078125,-0.6944580078125,-106.97216796875
849,19,0.6333333333333333,282.9107666015625,106.97216796875,7,278.6580810546875,-0.6944580078125,-0.6944580078125,-106.97216796875
850,19,0.6333333333333333,282.9107666015625,106.97216796875,8,278.6580810546875,-0.6944580078125,-0.6944580078125,-106.97216796875
851,18,0.6,281.8990478515625,88.69195556640625,9,278.6580810546875,-0.6944580078125,-0.6944580078125,-88.69195556640625
852,17,0.5666666666666667,280.8873291015625,70.5372314453125,10,278.6580810546875,-0.6944580078125,-0.6944580078125,-70.5372314453125
853,17,0.5666666666666667,280.8873291015625,63.176513671875,0,292.26513671875,13.6070556640625,1.2370050603693181,-49.5694580078125
854,17,0.5666666666666667,280.8873291015625,48.7078857421875,0,295.34515380859375,3.08001708984375,3.08001708984375,-32.02081298828125
855,17,0.5666666666666667,280.8873291015625,37.29498291015625,0,299.74462890625,4.39947509765625,4.39947509765625,-16.20843505859375
856,17,0.5666666666666667,280.8873291015625,32.934234619140625,0,305.1076965332031,5.363067626953125,5.363067626953125,-6.484619140625
857,17,0.5666666666666667,280.8873291015625,30.14898681640625,0,308.80706787109375,3.699371337890625,3.699371337890625,20.21075439453125
858,18,0.6,281.8990478515625,38.395904541015625,0,317.0539855957031,8.246917724609375,8.246917724609375,28.457672119140625
859,19,0.6333333333333333,282.9107666015625,47.758697509765625,0,326.4167785644531,9.36279296875,9.36279296875,37.820465087890625
860,20,0.6666666666666666,283.4808349609375,51.262939453125,0,329.9210205078125,3.504241943359375,3.504241943359375,41.32470703125
861,20,0.6666666666666666,283.4808349609375,60.787811279296875,0,339.4458923339844,9.524871826171875,9.524871826171875,55.394989013671875
862,20,0.6666666666666666,287.58795166015625,68.8875732421875,0,347.545654296875,8.099761962890625,8.099761962890625,64.6348876953125
863,20,0.6666666666666666,293.8051452636719,74.05462646484375,0,352.71270751953125,5.16705322265625,5.16705322265625,71.91778564453125
864,20,0.6666666666666666,297.5448913574219,84.91693115234375,0,363.57501220703125,10.8623046875,10.8623046875,83.47979736328125
865,20,0.6666666666666666,302.42616271972656,96.09429931640625,0,374.75238037109375,11.1773681640625,11.1773681640625,94.80517578125
866,20,0.6666666666666666,306.95738220214844,102.9873046875,0,381.6453857421875,6.89300537109375,6.89300537109375,101.32659912109375
867,20,0.6666666666666666,312.93052673339844,114.2664794921875,0,392.924560546875,11.2791748046875,11.2791748046875,112.42349243164062
868,20,0.6666666666666666,321.7353820800781,126.46847534179688,0,405.1265563964844,12.201995849609375,12.201995849609375,124.23922729492188
869,20,0.6666666666666666,328.1688995361328,132.27301025390625,0,410.93109130859375,5.804534912109375,5.804534912109375,130.0548095703125
870,20,0.6666666666666666,334.68345642089844,145.85345458984375,0,424.51153564453125,13.5804443359375,13.5804443359375,145.15899658203125
871,20,0.6666666666666666,343.4957733154297,161.07275390625,0,439.7308349609375,15.21929931640625,15.21929931640625,161.07275390625
872,20,0.6666666666666666,350.1291809082031,154.79669189453125,0,447.06182861328125,7.33099365234375,7.33099365234375,154.79669189453125
873,21,0.7,352.71270751953125,172.20782470703125,0,464.47296142578125,17.4111328125,17.4111328125,172.20782470703125
874,22,0.7333333333333333,358.14385986328125,190.84393310546875,0,483.10906982421875,18.6361083984375,18.6361083984375,190.84393310546875
875,23,0.7666666666666667,363.57501220703125,199.23297119140625,0,491.49810791015625,8.3890380859375,8.3890380859375,199.23297119140625
876,24,0.8,369.1636962890625,199.23297119140625,0,487.35809326171875,-4.1400146484375,-4.1400146484375,195.09295654296875
877,25,0.8333333333333334,374.75238037109375,199.23297119140625,0,477.03961181640625,-10.3184814453125,-10.3184814453125,184.77447509765625
878,26,0.8666666666666667,378.1988830566406,199.23297119140625,0,472.9932861328125,-4.04632568359375,-4.04632568359375,180.7281494140625
879,27,0.9,381.6453857421875,199.23297119140625,0,463.9836120605469,-9.009674072265625,-9.009674072265625,171.71847534179688
880,28,0.9333333333333333,387.28497314453125,199.23297119140625,0,455.445068359375,-8.538543701171875,-8.538543701171875,163.179931640625
881,29,0.9666666666666667,392.924560546875,199.23297119140625,0,451.4427795410156,-4.002288818359375,-4.002288818359375,159.17764282226562
882,30,1.0,399.0255584716797,199.23297119140625,0,443.65057373046875,-7.792205810546875,-7.792205810546875,151.38543701171875
883,30,1.0,408.02882385253906,196.1529541015625,0,437.3411865234375,-6.30938720703125,-6.30938720703125,141.99603271484375
884,30,1.0,417.7213134765625,191.75347900390625,0,434.14141845703125,-3.19976806640625,-3.19976806640625,134.39678955078125
885,30,1.0,426.4305114746094,186.39041137695312,0,428.3494873046875,-5.79193115234375,-5.79193115234375,123.24179077148438
886,30,1.0,426.509033203125,182.6910400390625,0,424.6685791015625,-3.680908203125,-3.680908203125,115.86151123046875
887,30,1.0,426.509033203125,174.44412231445312,0,423.2940673828125,-1.37451171875,-1.37451171875,106.24008178710938
888,30,1.0,426.509033203125,165.08132934570312,0,421.5919494628906,-1.702117919921875,-1.702117919921875,95.1751708984375
889,30,1.0,426.509033203125,161.57708740234375,0,420.7309875488281,-0.8609619140625,-0.8609619140625,90.80996704101562
890,30,1.0,426.509033203125,152.05221557617188,0,420.66644287109375,-0.064544677734375,-0.064544677734375,81.22055053710938
891,30,1.0,426.509033203125,143.95245361328125,0,420.34820556640625,-0.3182373046875,-0.3182373046875,72.80255126953125
892,30,1.0,426.509033203125,138.785400390625,0,419.7589111328125,-0.58929443359375,-0.58929443359375,67.04620361328125
893,30,1.0,426.509033203125,127.923095703125,0,419.5396728515625,-0.21923828125,-0.21923828125,55.96466064453125
894,30,1.0,426.509033203125,116.7457275390625,0,420.29095458984375,0.75128173828125,0.75128173828125,45.53857421875
895,30,1.0,426.509033203125,109.85272216796875,0,421.3728942871094,1.081939697265625,1.081939697265625,39.727508544921875
896,30,1.0,426.509033203125,98.57354736328125,0,422.7974853515625,1.424591064453125,1.424591064453125,29.8729248046875
897,30,1.0,426.87615966796875,86.37155151367188,0,425.40283203125,2.6053466796875,2.6053466796875,20.276275634765625
898,30,1.0,428.05499267578125,80.5670166015625,0,427.760498046875,2.357666015625,2.357666015625,16.82940673828125
899,29,0.9666666666666667,428.3494873046875,71.95843505859375,1,427.760498046875,2.357666015625,2.357666015625,3.24896240234375
900,28,0.9333333333333333,431.2454528808594,71.95843505859375,2,427.760498046875,2.357666015625,2.357666015625,-11.9703369140625
